Date,Global_Confirmed,Daily_New_Cases,Rolling_7day_Avg
2020-01-22,557,0.0,
2020-01-23,657,100.0,
2020-01-24,944,287.0,
2020-01-25,1437,493.0,
2020-01-26,2120,683.0,
2020-01-27,2929,809.0,
2020-01-28,5580,2651.0,717.5714285714286
2020-01-29,6169,589.0,801.7142857142857
2020-01-30,8237,2068.0,1082.857142857143
2020-01-31,9927,1690.0,1283.2857142857142
2020-02-01,12038,2111.0,1514.4285714285713
2020-02-02,16787,4749.0,2095.285714285714
2020-02-03,19887,3100.0,2422.5714285714284
2020-02-04,23899,4012.0,2617.0
2020-02-05,27644,3745.0,3067.8571428571427
2020-02-06,30806,3162.0,3224.1428571428573
2020-02-07,34339,3533.0,3487.4285714285716
2020-02-08,37070,2731.0,3576.0
2020-02-09,40098,3028.0,3330.1428571428573
2020-02-10,42636,2538.0,3249.8571428571427
2020-02-11,44679,2043.0,2968.5714285714284
2020-02-12,45057,378.0,2487.5714285714284
2020-02-13,60209,15152.0,4200.428571428572
2020-02-14,66694,6485.0,4622.142857142857
2020-02-15,68770,2076.0,4528.571428571428
2020-02-16,70883,2113.0,4397.857142857143
2020-02-17,72819,1936.0,4311.857142857143
2020-02-18,74613,1794.0,4276.285714285715
2020-02-19,75034,421.0,4282.428571428572
2020-02-20,75582,548.0,2196.1428571428573
2020-02-21,76212,630.0,1359.7142857142858
2020-02-22,77974,1762.0,1314.857142857143
2020-02-23,78299,325.0,1059.4285714285713
2020-02-24,78867,568.0,864.0
2020-02-25,79721,854.0,729.7142857142857
2020-02-26,80679,958.0,806.4285714285714
2020-02-27,82023,1344.0,920.1428571428571
2020-02-28,83447,1424.0,1033.5714285714287
2020-02-29,85318,1871.0,1049.142857142857
2020-03-01,87697,2379.0,1342.5714285714287
2020-03-02,89677,1980.0,1544.2857142857142
2020-03-03,92288,2611.0,1795.2857142857142
2020-03-04,94632,2344.0,1993.2857142857142
2020-03-05,97372,2740.0,2192.714285714286
2020-03-06,101356,3984.0,2558.4285714285716
2020-03-07,105493,4137.0,2882.1428571428573
2020-03-08,109291,3798.0,3084.8571428571427
2020-03-09,113586,4295.0,3415.5714285714284
2020-03-10,118345,4759.0,3722.4285714285716
2020-03-11,125821,7476.0,4455.571428571428
2020-03-12,132577,6756.0,5029.285714285715
2020-03-13,145769,13192.0,6344.714285714285
2020-03-14,156657,10888.0,7309.142857142857
2020-03-15,167890,11233.0,8371.285714285714
2020-03-16,182457,14567.0,9838.714285714286
2020-03-17,197625,15168.0,11325.714285714286
2020-03-18,215179,17554.0,12765.42857142857
2020-03-19,242266,27087.0,15669.857142857143
2020-03-20,271795,29529.0,18003.714285714286
2020-03-21,304222,32427.0,21080.714285714286
2020-03-22,338431,34209.0,24363.0
2020-03-23,380986,42555.0,28361.285714285714
2020-03-24,422869,41883.0,32177.714285714286
2020-03-25,474350,51481.0,37024.42857142857
2020-03-26,535164,60814.0,41842.57142857143
2020-03-27,599095,63931.0,46757.142857142855
2020-03-28,668675,69580.0,52064.71428571428
2020-03-29,725191,56516.0,55251.42857142857
2020-03-30,790202,65011.0,58459.42857142857
2020-03-31,867103,76901.0,63462.0
2020-04-01,953325,86222.0,68425.0
2020-04-02,1035727,82402.0,71509.0
2020-04-03,1119884,84157.0,74398.42857142857
2020-04-04,1179944,60060.0,73038.42857142857
2020-04-05,1251615,71671.0,75203.42857142857
2020-04-06,1326268,74653.0,76580.85714285714
2020-04-07,1395178,68910.0,75439.28571428571
2020-04-08,1477228,82050.0,74843.28571428571
2020-04-09,1564368,87140.0,75520.14285714286
2020-04-10,1650757,86389.0,75839.0
2020-04-11,1726252,75495.0,78044.0
2020-04-12,1844784,118532.0,84738.42857142857
2020-04-13,1916583,71799.0,84330.71428571429
2020-04-14,2001229,84646.0,86578.71428571429
2020-04-15,2079435,78206.0,86029.57142857143
2020-04-16,2173845,94410.0,87068.14285714286
2020-04-17,2261669,87824.0,87273.14285714286
2020-04-18,2339876,78207.0,87660.57142857143
2020-04-19,2416154,76278.0,81624.28571428571
2020-04-20,2492587,76433.0,82286.28571428571
2020-04-21,2568640,76053.0,81058.71428571429
2020-04-22,2650637,81997.0,81600.28571428571
2020-04-23,2733330,82693.0,79926.42857142857
2020-04-24,2816862,83532.0,79313.28571428571
2020-04-25,2900039,83177.0,80023.28571428571
2020-04-26,2970808,70769.0,79236.28571428571
2020-04-27,3041767,70959.0,78454.28571428571
2020-04-28,3117559,75792.0,78417.0
2020-04-29,3194862,77303.0,77746.42857142857
2020-04-30,3278481,83619.0,77878.71428571429
2020-05-01,3367407,88926.0,78649.28571428571
2020-05-02,3445661,78254.0,77946.0
2020-05-03,3519679,74018.0,78410.14285714286
2020-05-04,3597322,77643.0,79365.0
2020-05-05,3676992,79670.0,79919.0
2020-05-06,3767394,90402.0,81790.28571428571
2020-05-07,3856526,89132.0,82577.85714285714
2020-05-08,3946993,90467.0,82798.0
2020-05-09,4031321,84328.0,83665.71428571429
2020-05-10,4106525,75204.0,83835.14285714286
2020-05-11,4182660,76135.0,83619.71428571429
2020-05-12,4267925,85265.0,84419.0
2020-05-13,4352265,84340.0,83553.0
2020-05-14,4447896,95631.0,84481.42857142857
2020-05-15,4543787,95891.0,85256.28571428571
2020-05-16,4637665,93878.0,86620.57142857143
2020-05-17,4716016,78351.0,87070.14285714286
2020-05-18,4805130,89114.0,88924.28571428571
2020-05-19,4900932,95802.0,90429.57142857143
2020-05-20,5006339,105407.0,93439.14285714286
2020-05-21,5112281,105942.0,94912.14285714286
2020-05-22,5219588,107307.0,96543.0
2020-05-23,5323710,104122.0,98006.42857142857
2020-05-24,5416890,93180.0,100124.85714285714
2020-05-25,5505073,88183.0,99991.85714285714
2020-05-26,5597406,92333.0,99496.28571428571
2020-05-27,5699934,102528.0,99085.0
2020-05-28,5819904,119970.0,101089.0
2020-05-29,5941335,121431.0,103106.71428571429
2020-05-30,6076374,135039.0,107523.42857142857
2020-05-31,6179231,102857.0,108905.85714285714
2020-06-01,6279479,100248.0,110629.42857142857
2020-06-02,6402113,122634.0,114958.14285714286
2020-06-03,6513325,111212.0,116198.71428571429
2020-06-04,6651551,138226.0,118806.71428571429
2020-06-05,6784955,133404.0,120517.14285714286
2020-06-06,6914283,129328.0,119701.28571428571
2020-06-07,7025291,111008.0,120865.71428571429
2020-06-08,7128337,103046.0,121265.42857142857
2020-06-09,7254299,125962.0,121740.85714285714
2020-06-10,7391456,137157.0,125447.28571428571
2020-06-11,7527639,136183.0,125155.42857142857
2020-06-12,7655113,127474.0,124308.28571428571
2020-06-13,7789014,133901.0,124961.57142857143
2020-06-14,7920954,131940.0,127951.85714285714
2020-06-15,8045848,124894.0,131073.0
2020-06-16,8189741,143893.0,133634.57142857142
2020-06-17,8332938,143197.0,134497.42857142858
2020-06-18,8476024,143086.0,135483.57142857142
2020-06-19,8657017,180993.0,143129.14285714287
2020-06-20,8842893,185876.0,150554.14285714287
2020-06-21,8935951,93058.0,144999.57142857142
2020-06-22,9078277,142326.0,147489.85714285713
2020-06-23,9246394,168117.0,150950.42857142858
2020-06-24,9417828,171434.0,154984.2857142857
2020-06-25,9597342,179514.0,160188.2857142857
2020-06-26,9789828,192486.0,161830.14285714287
2020-06-27,9966229,176401.0,160476.57142857142
2020-06-28,10134681,168452.0,171247.14285714287
2020-06-29,10287358,152677.0,172725.85714285713
2020-06-30,10471128,183770.0,174962.0
2020-07-01,10686254,215126.0,181203.7142857143
2020-07-02,10891222,204968.0,184840.0
2020-07-03,11093856,202634.0,186289.7142857143
2020-07-04,11283566,189710.0,188191.0
2020-07-05,11469780,186214.0,190728.42857142858
2020-07-06,11638042,168262.0,192954.85714285713
2020-07-07,11847598,209556.0,196638.57142857142
2020-07-08,12062878,215280.0,196660.57142857142
2020-07-09,12287469,224591.0,199463.85714285713
2020-07-10,12520347,232878.0,203784.42857142858
2020-07-11,12733163,212816.0,207085.2857142857
2020-07-12,12926090,192927.0,208044.2857142857
2020-07-13,13120562,194472.0,211788.57142857142
2020-07-14,13341584,221022.0,213426.57142857142
2020-07-15,13571366,229782.0,215498.2857142857
2020-07-16,13816276,244910.0,218401.0
2020-07-17,14053691,237415.0,219049.14285714287
2020-07-18,14289018,235327.0,222265.0
2020-07-19,14500867,211849.0,224968.14285714287
2020-07-20,14708999,208132.0,226919.57142857142
2020-07-21,14952015,243016.0,230061.57142857142
2020-07-22,15227349,275334.0,236569.0
2020-07-23,15506965,279616.0,241527.0
2020-07-24,15790439,283474.0,248106.85714285713
2020-07-25,16039940,249501.0,250131.7142857143
2020-07-26,16251698,211758.0,250118.7142857143
2020-07-27,16486071,234373.0,253867.42857142858
2020-07-28,16749948,263877.0,256847.57142857142
2020-07-29,17020206,270258.0,256122.42857142858
2020-07-30,17301978,281772.0,256430.42857142858
2020-07-31,17589465,287487.0,257003.7142857143
2020-08-01,17835718,246253.0,256539.7142857143
2020-08-02,18066313,230595.0,259230.7142857143
2020-08-03,18272365,206052.0,255184.85714285713
2020-08-04,18537650,265285.0,255386.0
2020-08-05,18812782,275132.0,256082.2857142857
2020-08-06,19099465,286683.0,256783.85714285713
2020-08-07,19381885,282420.0,256060.0
2020-08-08,19647098,265213.0,258768.57142857142
2020-08-09,19880082,232984.0,259109.85714285713
2020-08-10,20113266,233184.0,262985.85714285716
2020-08-11,20378814,265548.0,263023.4285714286
2020-08-12,20653866,275052.0,263012.0
2020-08-13,20943940,290074.0,263496.4285714286
2020-08-14,21250985,307045.0,267014.28571428574
2020-08-15,21499992,249007.0,264699.14285714284
2020-08-16,21710018,210026.0,261419.42857142858
2020-08-17,21922864,212846.0,258514.0
2020-08-18,22182251,259387.0,257633.85714285713
2020-08-19,22459713,277462.0,257978.14285714287
2020-08-20,22731170,271457.0,255318.57142857142
2020-08-21,22993103,261933.0,248874.0
2020-08-22,23256599,263496.0,250943.85714285713
2020-08-23,23459343,202744.0,249903.57142857142
2020-08-24,23687417,228074.0,252079.0
2020-08-25,23932609,245192.0,250051.14285714287
2020-08-26,24214291,281682.0,250654.0
2020-08-27,24501536,287245.0,252909.42857142858
2020-08-28,24785461,283925.0,256051.14285714287
2020-08-29,25046188,260727.0,255655.57142857142
2020-08-30,25265922,219734.0,258082.7142857143
2020-08-31,25530210,264288.0,263256.14285714284
2020-09-01,25797060,266850.0,266350.14285714284
2020-09-02,26078931,281871.0,266377.14285714284
2020-09-03,26364351,285420.0,266116.4285714286
2020-09-04,26666059,301708.0,268656.85714285716
2020-09-05,26939772,273713.0,270512.0
2020-09-06,27168754,228982.0,271833.14285714284
2020-09-07,27386021,217267.0,265115.85714285716
2020-09-08,27632522,246501.0,262208.85714285716
2020-09-09,27917825,285303.0,262699.14285714284
2020-09-10,28222203,304378.0,265407.4285714286
2020-09-11,28538544,316341.0,267497.85714285716
2020-09-12,28827262,288718.0,269641.4285714286
2020-09-13,29076027,248765.0,272467.5714285714
2020-09-14,29343129,267102.0,279586.85714285716
2020-09-15,29623674,280545.0,284450.28571428574
2020-09-16,29928612,304938.0,287255.28571428574
2020-09-17,30244171,315559.0,288852.5714285714
2020-09-18,30570799,326628.0,290322.14285714284
2020-09-19,30863894,293095.0,290947.4285714286
2020-09-20,31119002,255108.0,291853.5714285714
2020-09-21,31378886,259884.0,290822.4285714286
2020-09-22,31663190,284304.0,291359.4285714286
2020-09-23,31974828,311638.0,292316.5714285714
2020-09-24,32295761,320933.0,293084.28571428574
2020-09-25,32626358,330597.0,293651.28571428574
2020-09-26,32912439,286081.0,292649.28571428574
2020-09-27,33159412,246973.0,291487.14285714284
2020-09-28,33420647,261235.0,291680.14285714284
2020-09-29,33703423,282776.0,291461.85714285716
2020-09-30,34027950,324527.0,293303.14285714284
2020-10-01,34347052,319102.0,293041.5714285714
2020-10-02,34676525,329473.0,292881.0
2020-10-03,34973869,297344.0,294490.0
2020-10-04,35234380,260511.0,296424.0
2020-10-05,35545698,311318.0,303578.71428571426
2020-10-06,35861791,316093.0,308338.28571428574
2020-10-07,36210965,349174.0,311859.28571428574
2020-10-08,36570281,359316.0,317604.14285714284
2020-10-09,36930669,360388.0,322020.5714285714
2020-10-10,37286154,355485.0,330326.4285714286
2020-10-11,37575627,289473.0,334463.85714285716
2020-10-12,37865621,289994.0,331417.5714285714
2020-10-13,38184980,319359.0,331884.14285714284
2020-10-14,38565753,380773.0,336398.28571428574
2020-10-15,38972728,406975.0,343206.71428571426
2020-10-16,39383240,410512.0,350367.28571428574
2020-10-17,39755363,372123.0,352744.14285714284
2020-10-18,40086572,331209.0,358706.4285714286
2020-10-19,40461489,374917.0,370838.28571428574
2020-10-20,40850341,388852.0,380765.85714285716
2020-10-21,41289940,439599.0,389169.5714285714
2020-10-22,41771993,482053.0,399895.0
2020-10-23,42265886,493893.0,411806.5714285714
2020-10-24,42722206,456320.0,423834.71428571426
2020-10-25,43081021,358815.0,427778.4285714286
2020-10-26,43563906,482885.0,443202.4285714286
2020-10-27,44032321,468415.0,454568.5714285714
2020-10-28,44554076,521755.0,466305.14285714284
2020-10-29,45105459,551383.0,476209.4285714286
2020-10-30,45677148,571689.0,487323.14285714284
2020-10-31,46149224,472076.0,489574.0
2020-11-01,46588347,439123.0,501046.5714285714
2020-11-02,47136688,548341.0,510397.4285714286
2020-11-03,47702150,565462.0,524261.28571428574
2020-11-04,48194171,492021.0,520013.5714285714
2020-11-05,48813491,619320.0,529718.8571428572
2020-11-06,49436651,623160.0,537071.8571428572
2020-11-07,50035817,599166.0,555227.5714285715
2020-11-08,50526633,490816.0,562612.2857142857
2020-11-09,51036431,509798.0,557106.1428571428
2020-11-10,51607152,570721.0,557857.4285714285
2020-11-11,52231804,624652.0,576804.7142857143
2020-11-12,52871998,640194.0,579786.7142857143
2020-11-13,53532918,660920.0,585181.0
2020-11-14,54119938,587020.0,583445.8571428572
2020-11-15,54610164,490226.0,583361.5714285715
2020-11-16,55135785,525621.0,585622.0
2020-11-17,55738088,602303.0,590133.7142857143
2020-11-18,56360350,622262.0,589792.2857142857
2020-11-19,57014330,653980.0,591761.7142857143
2020-11-20,57688348,674018.0,593632.8571428572
2020-11-21,58280901,592553.0,594423.2857142857
2020-11-22,58778971,498070.0,595543.8571428572
2020-11-23,59312972,534001.0,596741.0
2020-11-24,59903743,590771.0,595093.5714285715
2020-11-25,60520817,617074.0,594352.4285714285
2020-11-26,61110077,589260.0,585106.7142857143
2020-11-27,61805411,695334.0,588151.8571428572
2020-11-28,62412975,607564.0,590296.2857142857
2020-11-29,62908587,495612.0,589945.1428571428
2020-11-30,63415149,506562.0,586025.2857142857
2020-12-01,64030052,614903.0,589472.7142857143
2020-12-02,64670297,640245.0,592782.8571428572
2020-12-03,65360890,690593.0,607259.0
2020-12-04,66057237,696347.0,607403.7142857143
2020-12-05,66699578,642341.0,612371.8571428572
2020-12-06,67243523,543945.0,619276.5714285715
2020-12-07,67778364,534841.0,623316.4285714285
2020-12-08,68409026,630662.0,625567.7142857143
2020-12-09,69074376,665350.0,629154.1428571428
2020-12-10,70569780,1495404.0,744127.1428571428
2020-12-11,71275526,705746.0,745469.8571428572
2020-12-12,71924201,648675.0,746374.7142857143
2020-12-13,72462986,538785.0,745637.5714285715
2020-12-14,73014134,551148.0,747967.1428571428
2020-12-15,73662750,648616.0,750532.0
2020-12-16,74380284,717534.0,757986.8571428572
2020-12-17,75118880,738596.0,649871.4285714285
2020-12-18,75840308,721428.0,652111.7142857143
2020-12-19,76475797,635489.0,650228.0
2020-12-20,77023089,547292.0,651443.2857142857
2020-12-21,77569297,546208.0,650737.5714285715
2020-12-22,78220739,651442.0,651141.2857142857
2020-12-23,78902821,682082.0,646076.7142857143
2020-12-24,79596199,693378.0,639617.0
2020-12-25,80089407,493208.0,607014.1428571428
2020-12-26,80622032,532625.0,592319.2857142857
2020-12-27,81035212,413180.0,573160.4285714285
2020-12-28,81534381,499169.0,566440.5714285715
2020-12-29,82206255,671874.0,569359.4285714285
2020-12-30,82931542,725287.0,575531.5714285715
2020-12-31,83771267,839725.0,596438.2857142857
2021-01-01,84334941,563674.0,606504.8571428572
2021-01-02,84939298,604357.0,616752.2857142857
2021-01-03,85459625,520327.0,632059.0
2021-01-04,86017030,557405.0,640378.4285714285
2021-01-05,86757888,740858.0,650233.2857142857
2021-01-06,87548745,790857.0,659600.4285714285
2021-01-07,88418628,869883.0,663908.7142857143
2021-01-08,89253991,835363.0,702721.4285714285
2021-01-09,90010221,756230.0,724417.5714285715
2021-01-10,90611766,601545.0,736020.1428571428
2021-01-11,91226195,614429.0,744166.4285714285
2021-01-12,91918655,692460.0,737252.4285714285
2021-01-13,92661932,743277.0,730455.2857142857
2021-01-14,93420922,758990.0,714613.4285714285
2021-01-15,94204729,783807.0,707248.2857142857
2021-01-16,94861542,656813.0,693045.8571428572
2021-01-17,95389065,527523.0,682471.2857142857
2021-01-18,95906258,517193.0,668580.4285714285
2021-01-19,96499009,592751.0,654336.2857142857
2021-01-20,97186196,687187.0,646323.4285714285
2021-01-21,97854895,668699.0,633424.7142857143
2021-01-22,98518282,663387.0,616221.8571428572
2021-01-23,99094929,576647.0,604769.5714285715
2021-01-24,99556840,461911.0,595396.4285714285
2021-01-25,100038432,481592.0,590310.5714285715
2021-01-26,100599722,561290.0,585816.1428571428
2021-01-27,101200628,600906.0,573490.2857142857
2021-01-28,101815726,615098.0,565833.0
2021-01-29,102404678,588952.0,555199.4285714285
2021-01-30,102919533,514855.0,546372.0
2021-01-31,103316181,396648.0,537048.7142857143
2021-02-01,103759172,442991.0,531534.2857142857
2021-02-02,104224617,465445.0,517842.14285714284
2021-02-03,104749864,525247.0,507033.71428571426
2021-02-04,105221632,471768.0,486558.0
2021-02-05,105758112,536480.0,479062.0
2021-02-06,106193301,435189.0,467681.14285714284
2021-02-07,106544838,351537.0,461236.71428571426
2021-02-08,106884739,339901.0,446509.5714285714
2021-02-09,107292015,407276.0,438199.71428571426
2021-02-10,107732475,440460.0,426087.28571428574
2021-02-11,108176226,443751.0,422084.85714285716
2021-02-12,108605811,429585.0,406814.14285714284
2021-02-13,108986286,380475.0,398997.85714285716
2021-02-14,109294915,308629.0,392868.14285714284
2021-02-15,109575730,280815.0,384427.28571428574
2021-02-16,109935514,359784.0,377642.71428571426
2021-02-17,110321888,386374.0,369916.14285714284
2021-02-18,110732668,410780.0,365206.0
2021-02-19,111142322,409654.0,362358.71428571426
2021-02-20,111517521,375199.0,361605.0
2021-02-21,111837079,319558.0,363166.28571428574
2021-02-22,112132642,295563.0,365273.14285714284
2021-02-23,112525375,392733.0,369980.14285714284
2021-02-24,112970298,444923.0,378344.28571428574
2021-02-25,113423254,452956.0,384369.4285714286
2021-02-26,113865189,441935.0,388981.0
2021-02-27,114261920,396731.0,392057.0
2021-02-28,114569699,307779.0,390374.28571428574
2021-03-01,114875188,305489.0,391792.28571428574
2021-03-02,115188447,313259.0,380438.85714285716
2021-03-03,115630277,441830.0,379997.0
2021-03-04,116088673,458396.0,380774.14285714284
2021-03-05,116537758,449085.0,381795.5714285714
2021-03-06,116951763,414005.0,384263.28571428574
2021-03-07,117326201,374438.0,393786.0
2021-03-08,117631655,305454.0,393781.0
2021-03-09,118045690,414035.0,408177.5714285714
2021-03-10,118504541,458851.0,410609.14285714284
2021-03-11,118994212,489671.0,415077.0
2021-03-12,119483453,489241.0,420813.5714285714
2021-03-13,119939032,455579.0,426752.71428571426
2021-03-14,120304097,365065.0,425413.71428571426
2021-03-15,120658173,354076.0,432359.71428571426
2021-03-16,121125202,467029.0,439930.28571428574
2021-03-17,121670904,545702.0,452337.5714285714
2021-03-18,122218827,547923.0,460659.28571428574
2021-03-19,122781361,562534.0,471129.71428571426
2021-03-20,123279801,498440.0,477252.71428571426
2021-03-21,123720266,440465.0,488024.14285714284
2021-03-22,124141450,421184.0,497611.0
2021-03-23,124647276,505826.0,503153.4285714286
2021-03-24,125276968,629692.0,515152.0
2021-03-25,125929153,652185.0,530046.5714285715
2021-03-26,126569164,640011.0,541114.7142857143
2021-03-27,127153673,584509.0,553410.2857142857
2021-03-28,127646311,492638.0,560863.5714285715
2021-03-29,128105573,459262.0,566303.2857142857
2021-03-30,128667776,562203.0,574357.1428571428
2021-03-31,129341666,673890.0,580671.1428571428
2021-04-01,130051446,709780.0,588899.0
2021-04-02,130696211,644765.0,589578.1428571428
2021-04-03,131236545,540334.0,583267.4285714285
2021-04-04,131796453,559908.0,592877.4285714285
2021-04-05,132293427,496974.0,598264.8571428572
2021-04-06,132900917,607490.0,604734.4285714285
2021-04-07,133564052,663135.0,603198.0
2021-04-08,134400107,836055.0,621237.2857142857
2021-04-09,135147414,747307.0,635886.1428571428
2021-04-10,135818050,670636.0,654500.7142857143
2021-04-11,136527640,709590.0,675883.8571428572
2021-04-12,137141476,613836.0,692578.4285714285
2021-04-13,137905286,763810.0,714909.8571428572
2021-04-14,138716590,811304.0,736076.8571428572
2021-04-15,139537806,821216.0,733957.0
2021-04-16,140397625,859819.0,750030.1428571428
2021-04-17,141191595,793970.0,767649.2857142857
2021-04-18,141891694,700099.0,766293.4285714285
2021-04-19,142582613,690919.0,777305.2857142857
2021-04-20,143422203,839590.0,788131.0
2021-04-21,144311438,889235.0,799264.0
2021-04-22,145210824,899386.0,810431.1428571428
2021-04-23,146118462,907638.0,817262.4285714285
2021-04-24,146942682,824220.0,821583.8571428572
2021-04-25,147671154,728472.0,825637.1428571428
2021-04-26,148360187,689033.0,825367.7142857143
2021-04-27,149199299,839112.0,825299.4285714285
2021-04-28,150098078,898779.0,826662.8571428572
2021-04-29,150992100,894022.0,825896.5714285715
2021-04-30,151883451,891351.0,823569.8571428572
2021-05-01,152678349,794898.0,819381.0
2021-05-02,153365604,687255.0,813492.8571428572
2021-05-03,154056049,690445.0,813694.5714285715
2021-05-04,154840990,784941.0,805955.8571428572
2021-05-05,155682982,841992.0,797843.4285714285
2021-05-06,156555823,872841.0,794817.5714285715
2021-05-07,157390632,834809.0,786740.1428571428
2021-05-08,158178924,788292.0,785796.4285714285
2021-05-09,158828324,649400.0,780388.5714285715
2021-05-10,159453950,625626.0,771128.7142857143
2021-05-11,160179728,725778.0,762676.8571428572
2021-05-12,160947208,767480.0,752032.2857142857
2021-05-13,161681894,734686.0,732295.8571428572
2021-05-14,162391437,709543.0,714400.7142857143
2021-05-15,163023024,631587.0,692014.2857142857
2021-05-16,163569629,546605.0,677329.2857142857
2021-05-17,164113157,543528.0,665601.0
2021-05-18,164732779,619622.0,650435.8571428572
2021-05-19,165404814,672035.0,636800.8571428572
2021-05-20,165687105,282291.0,572173.0
2021-05-21,166313555,626450.0,560302.5714285715
2021-05-22,166885894,572339.0,551838.5714285715
2021-05-23,167367498,481604.0,542552.7142857143
2021-05-24,167818556,451058.0,529342.7142857143
2021-05-25,168351947,533391.0,517024.0
2021-05-26,168920364,568417.0,502221.4285714286
2021-05-27,169467240,546876.0,540019.2857142857
2021-05-28,169972725,505485.0,522738.5714285714
2021-05-29,170453133,480408.0,509605.5714285714
2021-05-30,170843058,389925.0,496508.5714285714
2021-05-31,171230111,387053.0,487365.0
2021-06-01,171690103,459992.0,476879.4285714286
2021-06-02,172177716,487613.0,465336.0
2021-06-03,172658201,480485.0,455851.5714285714
2021-06-04,173083074,424873.0,444335.5714285714
2021-06-05,173479703,396629.0,432367.14285714284
2021-06-06,173802674,322971.0,422802.28571428574
2021-06-07,174124423,321749.0,413473.14285714284
2021-06-08,174494536,370113.0,400633.28571428574
2021-06-09,174912821,418285.0,390729.28571428574
2021-06-10,175366300,453479.0,386871.28571428574
2021-06-11,175788316,422016.0,386463.14285714284
2021-06-12,176156671,368355.0,382424.0
2021-06-13,176459461,302790.0,379541.0
2021-06-14,176768742,309281.0,377759.85714285716
2021-06-15,177143475,374733.0,378419.85714285716
2021-06-16,177532616,389141.0,374256.4285714286
2021-06-17,177928591,395975.0,366041.5714285714
2021-06-18,178332078,403487.0,363394.5714285714
2021-06-19,178679337,347259.0,360380.85714285716
2021-06-20,178984090,304753.0,360661.28571428574
2021-06-21,179280730,296640.0,358855.4285714286
2021-06-22,179690926,410196.0,363921.5714285714
2021-06-23,180087540,396614.0,364989.14285714284
2021-06-24,180496788,409248.0,366885.28571428574
2021-06-25,180914438,417650.0,368908.5714285714
2021-06-26,181277314,362876.0,371139.5714285714
2021-06-27,181588531,311217.0,372063.0
2021-06-28,181921529,332998.0,377257.0
2021-06-29,182302711,381182.0,373112.14285714284
2021-06-30,182702171,399460.0,373518.71428571426
2021-07-01,183137698,435527.0,377272.85714285716
2021-07-02,183580021,442323.0,380797.5714285714
2021-07-03,183953837,373816.0,382360.4285714286
2021-07-04,184281565,327728.0,384719.14285714284
2021-07-05,184659470,377905.0,391134.4285714286
2021-07-06,185109976,450506.0,401037.85714285716
2021-07-07,185575180,465204.0,410429.85714285716
2021-07-08,186057052,481872.0,417050.5714285714
2021-07-09,186570266,513214.0,427177.85714285716
2021-07-10,186991366,421100.0,433932.71428571426
2021-07-11,187361242,369876.0,439953.85714285716
2021-07-12,187795397,434155.0,447989.5714285714
2021-07-13,188321037,525640.0,458723.0
2021-07-14,188859013,537976.0,469119.0
2021-07-15,189435433,576420.0,482625.85714285716
2021-07-16,190031352,595919.0,494440.85714285716
2021-07-17,190520191,488839.0,504117.85714285716
2021-07-18,190940377,420186.0,511305.0
2021-07-19,191429831,489454.0,519204.85714285716
2021-07-20,191962232,532401.0,520170.71428571426
2021-07-21,192518318,556086.0,522757.85714285716
2021-07-22,193083497,565179.0,521152.0
2021-07-23,193811611,728114.0,540037.0
2021-07-24,194243514,431903.0,531903.2857142857
2021-07-25,194689118,445604.0,535534.4285714285
2021-07-26,195229734,540616.0,542843.2857142857
2021-07-27,195836054,606320.0,553403.1428571428
2021-07-28,196486129,650075.0,566830.1428571428
2021-07-29,197128986,642857.0,577927.0
2021-07-30,197861317,732331.0,578529.4285714285
2021-07-31,198378646,517329.0,590733.1428571428
2021-08-01,198861681,483035.0,596080.4285714285
2021-08-02,199432731,571050.0,600428.1428571428
2021-08-03,200066969,634238.0,604416.4285714285
2021-08-04,200747420,680451.0,608755.8571428572
2021-08-05,201432989,685569.0,614857.5714285715
2021-08-06,202252463,819474.0,627306.5714285715
2021-08-07,202813706,561243.0,633580.0
2021-08-08,203281417,467711.0,631390.8571428572
2021-08-09,203900504,619087.0,638253.2857142857
2021-08-10,204546322,645818.0,639907.5714285715
2021-08-11,205277004,730682.0,647083.4285714285
2021-08-12,205982709,705705.0,649960.0
2021-08-13,206784503,801794.0,647434.2857142857
2021-08-14,207337402,552899.0,646242.2857142857
2021-08-15,207804068,466666.0,646093.0
2021-08-16,208468401,664333.0,652556.7142857143
2021-08-17,209151072,682671.0,657821.4285714285
2021-08-18,209886698,735626.0,658527.7142857143
2021-08-19,210598408,711710.0,659385.5714285715
2021-08-20,211383593,785185.0,657012.8571428572
2021-08-21,211942630,559037.0,657889.7142857143
2021-08-22,212390691,448061.0,655231.8571428572
2021-08-23,213074872,684181.0,658067.2857142857
2021-08-24,213751641,676769.0,657224.1428571428
2021-08-25,214489044,737403.0,657478.0
2021-08-26,215225478,736434.0,661010.0
2021-08-27,215976582,751104.0,656141.2857142857
2021-08-28,216533756,557174.0,655875.1428571428
2021-08-29,216980570,446814.0,655697.0
2021-08-30,217652401,671831.0,653932.7142857143
2021-08-31,218273053,620652.0,645916.0
2021-09-01,218992121,719068.0,643296.7142857143
2021-09-02,219668878,676757.0,634771.4285714285
2021-09-03,220392433,723555.0,630835.8571428572
2021-09-04,220889129,496696.0,622196.1428571428
2021-09-05,221336081,446952.0,622215.8571428572
2021-09-06,221813841,477760.0,594491.4285714285
2021-09-07,222470324,656483.0,599610.1428571428
2021-09-08,223108024,637700.0,587986.1428571428
2021-09-09,223748163,640139.0,582755.0
2021-09-10,224406854,658691.0,573488.7142857143
2021-09-11,224875360,468506.0,569461.5714285715
2021-09-12,225246724,371364.0,558663.2857142857
2021-09-13,225824601,577877.0,572965.7142857143
2021-09-14,226374427,549826.0,557729.0
2021-09-15,226941275,566848.0,547607.2857142857
2021-09-16,227528629,587354.0,540066.5714285715
2021-09-17,228151831,623202.0,534996.7142857143
2021-09-18,228675693,523862.0,542904.7142857143
2021-09-19,229039079,363386.0,541765.0
2021-09-20,229569260,530181.0,534951.2857142857
2021-09-21,230057931,488671.0,526214.8571428572
2021-09-22,230592902,534971.0,521661.0
2021-09-23,231140518,547616.0,515984.14285714284
2021-09-24,231689753,549235.0,505417.4285714286
2021-09-25,232063741,373988.0,484006.85714285716
2021-09-26,232419548,355807.0,482924.14285714284
2021-09-27,232902300,482752.0,476148.5714285714
2021-09-28,233353273,450973.0,470763.14285714284
2021-09-29,233844231,490958.0,464475.5714285714
2021-09-30,234334109,489878.0,456227.28571428574
2021-10-01,234856092,521983.0,452334.14285714284
2021-10-02,235206725,350633.0,448997.71428571426
2021-10-03,235515755,309030.0,442315.28571428574
2021-10-04,235962808,447053.0,437215.4285714286
2021-10-05,236385642,422834.0,433195.5714285714
2021-10-06,236892684,507042.0,435493.28571428574
2021-10-07,237354507,461823.0,431485.4285714286
2021-10-08,237829915,475408.0,424831.85714285716
2021-10-09,238170099,340184.0,423339.14285714284
2021-10-10,238486541,316442.0,424398.0
2021-10-11,238874522,387981.0,415959.14285714284
2021-10-12,239312717,438195.0,418153.5714285714
2021-10-13,239769124,456407.0,410920.0
2021-10-14,240222500,453376.0,409713.28571428574
2021-10-15,240680464,457964.0,407221.28571428574
2021-10-16,241021809,341345.0,407387.14285714284
2021-10-17,241335103,313294.0,406937.4285714286
2021-10-18,241762881,427778.0,412622.71428571426
2021-10-19,242194434,431553.0,411673.85714285716
2021-10-20,242670725,476291.0,414514.4285714286
2021-10-21,243132750,462025.0,415750.0
2021-10-22,243625549,492799.0,420726.4285714286
2021-10-23,243995793,370244.0,424854.85714285716
2021-10-24,244304986,309193.0,424269.0
2021-10-25,244757378,452392.0,427785.28571428574
2021-10-26,245183829,426451.0,427056.4285714286
2021-10-27,245697809,513980.0,432440.5714285714
2021-10-28,246180814,483005.0,435437.71428571426
2021-10-29,246674882,494068.0,435619.0
2021-10-30,247049478,374596.0,436240.71428571426
2021-10-31,247398313,348835.0,441903.85714285716
2021-11-01,247855949,457636.0,442653.0
2021-11-02,248260394,404445.0,439509.28571428574
2021-11-03,248785171,524777.0,441051.71428571426
2021-11-04,249302600,517429.0,445969.4285714286
2021-11-05,249826845,524245.0,450280.4285714286
2021-11-06,250232573,405728.0,454727.85714285716
2021-11-07,250573243,340670.0,453561.4285714286
2021-11-08,251098266,525023.0,463188.14285714284
2021-11-09,251567618,469352.0,472460.5714285714
2021-11-10,252141116,573498.0,479420.71428571426
2021-11-11,252661980,520864.0,479911.4285714286
2021-11-12,253261714,599734.0,490695.5714285714
2021-11-13,253657437,395723.0,489266.28571428574
2021-11-14,254005693,348256.0,490350.0
2021-11-15,254607278,601585.0,501287.4285714286
2021-11-16,255114095,506817.0,506639.5714285714
2021-11-17,255729291,615196.0,512596.4285714286
2021-11-18,256350928,621637.0,526992.5714285715
2021-11-19,256965542,614614.0,529118.2857142857
2021-11-20,257403543,438001.0,535158.0
2021-11-21,257783328,379785.0,539662.1428571428
2021-11-22,258487959,704631.0,554383.0
2021-11-23,259080537,592578.0,566634.5714285715
2021-11-24,259738427,657890.0,572733.7142857143
2021-11-25,260335626,597199.0,569242.5714285715
2021-11-26,260949300,613674.0,569108.2857142857
2021-11-27,261368094,418794.0,566364.4285714285
2021-11-28,261757863,389769.0,567790.7142857143
2021-11-29,262500184,742321.0,573175.0
2021-11-30,263100633,600449.0,574299.4285714285
2021-12-01,263803086,702453.0,580665.5714285715
2021-12-02,264510311,707225.0,596383.5714285715
2021-12-03,265241125,730814.0,613117.8571428572
2021-12-04,265713320,472195.0,620746.5714285715
2021-12-05,266133102,419782.0,625034.1428571428
2021-12-06,266836784,703682.0,619514.2857142857
2021-12-07,267476026,639242.0,625056.1428571428
2021-12-08,268187352,711326.0,626323.7142857143
2021-12-09,268885704,698352.0,625056.1428571428
2021-12-10,269579205,693501.0,619725.7142857143
2021-12-11,270046107,466902.0,618969.5714285715
2021-12-12,270472658,426551.0,619936.5714285715
2021-12-13,271166550,693892.0,618538.0
2021-12-14,271803334,636784.0,618186.8571428572
2021-12-15,272543484,740150.0,622304.5714285715
2021-12-16,273287693,744209.0,628855.5714285715
2021-12-17,274055236,767543.0,639433.0
2021-12-18,274585162,529926.0,648436.4285714285
2021-12-19,275070080,484918.0,656774.5714285715
2021-12-20,275880118,810038.0,673366.8571428572
2021-12-21,276638769,758651.0,690776.4285714285
2021-12-22,277553235,914466.0,715678.7142857143
2021-12-23,278565245,1012010.0,753936.0
2021-12-24,279421322,856077.0,766583.7142857143
2021-12-25,280103299,681977.0,788305.2857142857
2021-12-26,280678755,575456.0,801239.2857142857
2021-12-27,282020367,1341612.0,877178.4285714285
2021-12-28,283356717,1336350.0,959706.8571428572
2021-12-29,285061576,1704859.0,1072620.142857143
2021-12-30,287011677,1950101.0,1206633.142857143
2021-12-31,288714690,1703013.0,1327624.0
2022-01-01,289917800,1203110.0,1402071.5714285714
2022-01-02,290836266,918466.0,1451073.0
2022-01-03,293174619,2338353.0,1593464.5714285714
2022-01-04,295788001,2613382.0,1775897.7142857143
2022-01-05,298371944,2583943.0,1901481.142857143
2022-01-06,301041157,2669213.0,2004211.4285714286
2022-01-07,303994776,2953619.0,2182869.4285714286
2022-01-08,306131315,2136539.0,2316216.4285714286
2022-01-09,308136366,2005051.0,2471442.8571428573
2022-01-10,311388043,3251677.0,2601917.714285714
2022-01-11,314418408,3030365.0,2661486.714285714
2022-01-12,317865034,3446626.0,2784727.1428571427
2022-01-13,321052114,3187080.0,2858708.1428571427
2022-01-14,324368534,3316420.0,2910536.8571428573
2022-01-15,326796278,2427744.0,2952137.5714285714
2022-01-16,328967437,2171159.0,2975867.285714286
2022-01-17,331745233,2777796.0,2908170.0
2022-01-18,335509810,3764577.0,3013057.4285714286
2022-01-19,339593058,4083248.0,3104003.4285714286
2022-01-20,343327334,3734276.0,3182174.285714286
2022-01-21,347137422,3810088.0,3252698.285714286
2022-01-22,349787173,2649751.0,3284413.5714285714
2022-01-23,352170492,2383319.0,3314722.1428571427
2022-01-24,355803331,3632839.0,3436871.1428571427
2022-01-25,359457107,3653776.0,3421042.4285714286
2022-01-26,363218718,3761611.0,3375094.285714286
2022-01-27,366918403,3699685.0,3370152.714285714
2022-01-28,370597281,3678878.0,3351408.4285714286
2022-01-29,373160793,2563512.0,3339088.5714285714
2022-01-30,375337751,2176958.0,3309608.4285714286
2022-01-31,379197178,3859427.0,3341978.1428571427
2022-02-01,382326883,3129705.0,3267110.8571428573
2022-02-02,385511502,3184619.0,3184683.4285714286
2022-02-03,388705487,3193985.0,3112440.5714285714
2022-02-04,391661002,2955515.0,3009103.0
2022-02-05,393764582,2103580.0,2943398.4285714286
2022-02-06,395527360,1762778.0,2884229.8571428573
2022-02-07,398501430,2974070.0,2757750.285714286
2022-02-08,401101088,2599658.0,2682029.285714286
2022-02-09,403534065,2432977.0,2574651.8571428573
2022-02-10,406348313,2814248.0,2520403.714285714
2022-02-11,408773094,2424781.0,2444584.5714285714
2022-02-12,410498174,1725080.0,2390513.1428571427
2022-02-13,411904086,1405912.0,2339532.285714286
2022-02-14,413946940,2042854.0,2206501.4285714286
2022-02-15,415817690,1870750.0,2102371.714285714
2022-02-16,418057478,2239788.0,2074773.2857142857
2022-02-17,420120367,2062889.0,1967436.2857142857
2022-02-18,422103761,1983394.0,1904381.0
2022-02-19,423580819,1477058.0,1868949.2857142857
2022-02-20,424774316,1193497.0,1838604.2857142857
2022-02-21,426479948,1705632.0,1790429.7142857143
2022-02-22,428153638,1673690.0,1762278.2857142857
2022-02-23,430071073,1917435.0,1716227.857142857
2022-02-24,431858885,1787812.0,1676931.142857143
2022-02-25,433513117,1654232.0,1629908.0
2022-02-26,434787018,1273901.0,1600885.5714285714
2022-02-27,435839085,1052067.0,1580681.2857142857
2022-02-28,437447862,1608777.0,1566844.857142857
2022-03-01,439046468,1598606.0,1556118.5714285714
2022-03-02,440706186,1659718.0,1519301.857142857
2022-03-03,442481276,1775090.0,1517484.4285714286
2022-03-04,444243569,1762293.0,1532921.7142857143
2022-03-05,445533759,1290190.0,1535248.7142857143
2022-03-06,446643314,1109555.0,1543461.2857142857
2022-03-07,448384364,1741050.0,1562357.4285714286
2022-03-08,449968239,1583875.0,1560253.0
2022-03-09,451958046,1989807.0,1607408.5714285714
2022-03-10,453828468,1870422.0,1621027.4285714286
2022-03-11,455700295,1871827.0,1636675.142857143
2022-03-12,457259856,1559561.0,1675156.7142857143
2022-03-13,458396205,1136349.0,1678984.4285714286
2022-03-14,460393307,1997102.0,1715563.2857142857
2022-03-15,462201034,1807727.0,1747542.142857143
2022-03-16,464438630,2237596.0,1782940.5714285714
2022-03-17,466515271,2076641.0,1812400.4285714286
2022-03-18,468404931,1889660.0,1814948.0
2022-03-19,469882527,1477596.0,1803238.7142857143
2022-03-20,470841130,958603.0,1777846.4285714286
2022-03-21,472718600,1877470.0,1760756.142857143
2022-03-22,474693469,1974869.0,1784633.5714285714
2022-03-23,476495018,1801549.0,1722341.142857143
2022-03-24,478276459,1781441.0,1680169.7142857143
2022-03-25,480032540,1756081.0,1661087.0
2022-03-26,481152609,1120069.0,1610011.7142857143
2022-03-27,481999061,846452.0,1593990.142857143
2022-03-28,483838456,1839395.0,1588550.857142857
2022-03-29,485584592,1746136.0,1555874.7142857143
2022-03-30,487175163,1590571.0,1525735.0
2022-03-31,488731789,1556626.0,1493618.5714285714
2022-04-01,490145330,1413541.0,1444684.2857142857
2022-04-02,491010188,864858.0,1408225.5714285714
2022-04-03,491691689,681501.0,1384661.142857143
2022-04-04,492913356,1221667.0,1296414.2857142857
2022-04-05,494263519,1350163.0,1239846.7142857143
2022-04-06,495464435,1200916.0,1184181.7142857143
2022-04-07,496721103,1256668.0,1141330.5714285714
2022-04-08,497873274,1152171.0,1103992.0
2022-04-09,498592211,718937.0,1083146.142857143
2022-04-10,499129020,536809.0,1062475.857142857
2022-04-11,500089035,960015.0,1025097.0
2022-04-12,501185574,1096539.0,988865.0
2022-04-13,502234233,1048659.0,967114.0
2022-04-14,503170792,936559.0,921384.1428571428
2022-04-15,503809402,638610.0,848018.2857142857
2022-04-16,504343953,534551.0,821677.4285714285
2022-04-17,504730314,386361.0,800184.8571428572
2022-04-18,505167769,437455.0,725533.4285714285
2022-04-19,506168626,1000857.0,711864.5714285715
2022-04-20,507113793,945167.0,697080.0
2022-04-21,508019378,905585.0,692655.1428571428
2022-04-22,508834627,815249.0,717889.2857142857
2022-04-23,509293198,458571.0,707035.0
2022-04-24,509638844,345646.0,701218.5714285715
2022-04-25,510259171,620327.0,727343.1428571428
2022-04-26,511023223,764052.0,693513.8571428572
2022-04-27,511696452,673229.0,654665.5714285715
2022-04-28,512446797,750345.0,632488.4285714285
2022-04-29,513086338,639541.0,607387.2857142857
2022-04-30,513431722,345384.0,591217.7142857143
2022-05-01,513734437,302715.0,585084.7142857143
2022-05-02,514175476,441039.0,559472.1428571428
2022-05-03,514842007,666531.0,545540.5714285715
2022-05-04,515464528,622521.0,538296.5714285715
2022-05-05,516059612,595084.0,516116.4285714286
2022-05-06,516686348,626736.0,514287.14285714284
2022-05-07,517021542,335194.0,512831.4285714286
2022-05-08,517296403,274861.0,508852.28571428574
2022-05-09,517983150,686747.0,543953.4285714285
2022-05-10,518621466,638316.0,539922.7142857143
2022-05-11,519314783,693317.0,550036.4285714285
2022-05-12,519965859,651076.0,558035.2857142857
2022-05-13,520536795,570936.0,550063.8571428572
2022-05-14,520973873,437078.0,564618.7142857143
2022-05-15,521346096,372223.0,578527.5714285715
2022-05-16,521935503,589407.0,564621.8571428572
2022-05-17,522543003,607500.0,560219.5714285715
2022-05-18,523302629,759626.0,569692.2857142857
2022-05-19,523897888,595259.0,561718.4285714285
2022-05-20,524523092,625204.0,569471.0
2022-05-21,524889312,366220.0,559348.4285714285
2022-05-22,525204442,315130.0,551192.2857142857
2022-05-23,525696964,492522.0,537351.5714285715
2022-05-24,526291081,594117.0,535439.7142857143
2022-05-25,526934607,643526.0,518854.0
2022-05-26,527436974,502367.0,505583.71428571426
2022-05-27,528006327,569353.0,497605.0
2022-05-28,528335112,328785.0,492257.14285714284
2022-05-29,528611623,276511.0,486740.14285714284
2022-05-30,528955829,344206.0,465552.14285714284
2022-05-31,529581054,625225.0,469996.14285714284
2022-06-01,530279368,698314.0,477823.0
2022-06-02,530810021,530653.0,481863.85714285716
2022-06-03,531353457,543436.0,478161.4285714286
2022-06-04,531606538,253081.0,467346.5714285714
2022-06-05,531869299,262761.0,465382.28571428574
2022-06-06,532304070,434771.0,478320.14285714284
2022-06-07,532915594,611524.0,476362.85714285716
2022-06-08,533622025,706431.0,477522.4285714286
2022-06-09,534186910,564885.0,482412.71428571426
2022-06-10,534743572,556662.0,484302.14285714284
2022-06-11,535027234,283662.0,488670.85714285716
2022-06-12,535225395,198161.0,479442.28571428574
2022-06-13,535753087,527692.0,492716.71428571426
2022-06-14,536610012,856925.0,527774.0
2022-06-15,537331960,721948.0,529990.7142857143
2022-06-16,537914698,582738.0,532541.1428571428
2022-06-17,538447612,532914.0,529148.5714285715
2022-06-18,538676037,228425.0,521257.5714285714
2022-06-19,538944423,268386.0,531289.7142857143
2022-06-20,539699559,755136.0,563781.7142857143
2022-06-21,540515521,815962.0,557929.8571428572
2022-06-22,541321250,805729.0,569898.5714285715
2022-06-23,542104798,783548.0,598585.7142857143
2022-06-24,542882041,777243.0,633489.8571428572
2022-06-25,543198875,316834.0,646119.7142857143
2022-06-26,543485571,286696.0,648735.4285714285
2022-06-27,544357895,872324.0,665476.5714285715
2022-06-28,545299768,941873.0,683463.8571428572
2022-06-29,546232479,932711.0,701604.1428571428
2022-06-30,547310588,1078109.0,743684.2857142857
2022-07-01,548261762,951174.0,768531.5714285715
2022-07-02,548620803,359041.0,774561.1428571428
2022-07-03,548978924,358121.0,784764.7142857143
2022-07-04,549830635,851711.0,781820.0
2022-07-05,551035633,1204998.0,819409.2857142857
2022-07-06,552260719,1225086.0,861177.1428571428
2022-07-07,553313573,1052854.0,857569.2857142857
2022-07-08,554319847,1006274.0,865440.7142857143
2022-07-09,554823356,503509.0,886079.0
2022-07-10,555245920,422564.0,895285.1428571428
2022-07-11,556298875,1052955.0,924034.2857142857
2022-07-12,557521593,1222718.0,926565.7142857143
2022-07-13,558948438,1426845.0,955388.4285714285
2022-07-14,559950577,1002139.0,948143.4285714285
2022-07-15,560952711,1002134.0,947552.0
2022-07-16,561505321,552610.0,954566.4285714285
2022-07-17,561964252,458931.0,959761.7142857143
2022-07-18,563161918,1197666.0,980434.7142857143
2022-07-19,564706220,1544302.0,1026375.2857142857
2022-07-20,566307487,1601267.0,1051292.7142857143
2022-07-21,567460894,1153407.0,1072902.4285714286
2022-07-22,568555388,1094494.0,1086096.7142857143
2022-07-23,569191592,636204.0,1098038.7142857143
2022-07-24,569741867,550275.0,1111087.857142857
2022-07-25,570714966,973099.0,1079006.857142857
2022-07-26,571910844,1195878.0,1029232.0
2022-07-27,573336477,1425633.0,1004141.4285714285
2022-07-28,574452610,1116133.0,998816.5714285715
2022-07-29,575827592,1374982.0,1038886.2857142857
2022-07-30,576403518,575926.0,1030275.1428571428
2022-07-31,576947905,544387.0,1029434.0
2022-08-01,577820837,872932.0,1015124.4285714285
2022-08-02,579011053,1190216.0,1014315.5714285715
2022-08-03,580166223,1155170.0,975678.0
2022-08-04,581620079,1453856.0,1023924.1428571428
2022-08-05,582521129,901050.0,956219.5714285715
2022-08-06,583699128,1177999.0,1042230.0
2022-08-07,584196609,497481.0,1035529.1428571428
2022-08-08,585012846,816237.0,1027429.8571428572
2022-08-09,586053082,1040236.0,1006004.1428571428
2022-08-10,587078500,1025418.0,987468.1428571428
2022-08-11,588083974,1005474.0,923413.5714285715
2022-08-12,588835513,751539.0,902054.8571428572
2022-08-13,589469388,633875.0,824322.8571428572
2022-08-14,589928257,458869.0,818806.8571428572
2022-08-15,590783540,855283.0,824384.8571428572
2022-08-16,591863304,1079764.0,830031.7142857143
2022-08-17,592851467,988163.0,824709.5714285715
2022-08-18,593793382,941915.0,815629.7142857143
2022-08-19,594592706,799324.0,822456.1428571428
2022-08-20,595165583,572877.0,813742.1428571428
2022-08-21,595650117,484534.0,817408.5714285715
2022-08-22,596358319,708202.0,796397.0
2022-08-23,597246034,887715.0,768961.4285714285
2022-08-24,598129461,883427.0,753999.1428571428
2022-08-25,598993234,863773.0,742836.0
2022-08-26,599695589,702355.0,728983.2857142857
2022-08-27,600148268,452679.0,711812.1428571428
2022-08-28,600551099,402831.0,700140.2857142857
2022-08-29,601126845,575746.0,681218.0
2022-08-30,601873433,746588.0,661057.0
2022-08-31,602625250,751817.0,642255.5714285715
2022-09-01,603303358,678108.0,615732.0
2022-09-02,603959226,655868.0,609091.0
2022-09-03,604335908,376682.0,598234.2857142857
2022-09-04,604703563,367655.0,593209.1428571428
2022-09-05,605160076,456513.0,576175.8571428572
2022-09-06,605832673,672597.0,565605.7142857143
2022-09-07,606447946,615273.0,546099.4285714285
2022-09-08,607030768,582822.0,532487.1428571428
2022-09-09,607555336,524568.0,513730.0
2022-09-10,607867531,312195.0,504517.5714285714
2022-09-11,608180774,313243.0,496744.4285714286
2022-09-12,608665029,484255.0,500707.5714285714
2022-09-13,609212745,547716.0,482867.4285714286
2022-09-14,609910008,697263.0,494580.28571428574
2022-09-15,610520428,610420.0,498522.85714285716
2022-09-16,610975522,455094.0,488598.0
2022-09-17,611270066,294544.0,486076.4285714286
2022-09-18,611523625,253559.0,477550.14285714284
2022-09-19,611939674,416049.0,467806.4285714286
2022-09-20,612492688,553014.0,468563.28571428574
2022-09-21,613010308,517620.0,442900.0
2022-09-22,613629369,619061.0,444134.4285714286
2022-09-23,614146729,517360.0,453029.5714285714
2022-09-24,614411194,264465.0,448732.5714285714
2022-09-25,614633426,222232.0,444257.28571428574
2022-09-26,615055508,422082.0,445119.14285714284
2022-09-27,615654368,598860.0,451668.5714285714
2022-09-28,616203638,549270.0,456190.0
2022-09-29,616847170,643532.0,459685.85714285716
2022-09-30,617319002,471832.0,453181.85714285716
2022-10-01,617559437,240435.0,449749.0
2022-10-02,617759630,200193.0,446600.5714285714
2022-10-03,618078949,319319.0,431920.14285714284
2022-10-04,618678441,599492.0,432010.4285714286
2022-10-05,619260651,582210.0,436716.14285714284
2022-10-06,619900203,639552.0,436147.5714285714
2022-10-07,620474116,573913.0,450730.5714285714
2022-10-08,620690569,216453.0,447304.5714285714
2022-10-09,620909521,218952.0,449984.4285714286
2022-10-10,621361552,452031.0,468943.28571428574
2022-10-11,622048702,687150.0,481465.85714285716
2022-10-12,622599085,550383.0,476919.14285714284
2022-10-13,623260804,661719.0,480085.85714285716
2022-10-14,623737601,476797.0,466212.14285714284
2022-10-15,623954741,217140.0,466310.28571428574
2022-10-16,624146150,191409.0,462375.5714285714
2022-10-17,624621994,475844.0,465777.4285714286
2022-10-18,625250030,628036.0,457332.5714285714
2022-10-19,625776264,526234.0,453882.71428571426
2022-10-20,626370925,594661.0,444303.0
2022-10-21,626801378,430453.0,437682.4285714286
2022-10-22,626982953,181575.0,432601.71428571426
2022-10-23,627142984,160031.0,428119.14285714284
2022-10-24,627528125,385141.0,415161.5714285714
2022-10-25,628122072,593947.0,410291.71428571426
2022-10-26,628588041,465969.0,401682.4285714286
2022-10-27,629057907,469866.0,383854.5714285714
2022-10-28,629420528,362621.0,374164.28571428574
2022-10-29,629618389,197861.0,376490.85714285716
2022-10-30,629784049,165660.0,377295.0
2022-10-31,630082011,297962.0,364840.85714285716
2022-11-01,630481424,399413.0,337050.28571428574
2022-11-02,630827372,345948.0,319904.4285714286
2022-11-03,631318280,490908.0,322910.4285714286
2022-11-04,631759558,441278.0,334147.14285714284
2022-11-05,631953965,194407.0,333653.71428571426
2022-11-06,632140608,186643.0,336651.28571428574
2022-11-07,632440195,299587.0,336883.4285714286
2022-11-08,632884364,444169.0,343277.14285714284
2022-11-09,633304352,419988.0,353854.28571428574
2022-11-10,633764752,460400.0,349496.0
2022-11-11,634243902,479150.0,354906.28571428574
2022-11-12,634463822,219920.0,358551.0
2022-11-13,634647331,183509.0,358103.28571428574
2022-11-14,634980310,332979.0,362873.5714285714
2022-11-15,635468288,487978.0,369132.0
2022-11-16,635916655,448367.0,373186.14285714284
2022-11-17,636396004,479349.0,375893.14285714284
2022-11-18,637004844,608840.0,394420.28571428574
2022-11-19,637209527,204683.0,392243.5714285714
2022-11-20,637408022,198495.0,394384.4285714286
2022-11-21,637724301,316279.0,391998.71428571426
2022-11-22,638298528,574227.0,404320.0
2022-11-23,638837625,539097.0,417281.4285714286
2022-11-24,639258016,420391.0,408858.85714285716
2022-11-25,639927077,669061.0,417461.85714285716
2022-11-26,640166706,239629.0,422454.14285714284
2022-11-27,640395423,228717.0,426771.5714285714
2022-11-28,640765938,370515.0,434519.5714285714
2022-11-29,641429956,664018.0,447346.85714285716
2022-11-30,641965737,535781.0,446873.14285714284
2022-12-01,642640928,675191.0,483273.14285714284
2022-12-02,643344457,703529.0,488197.14285714284
2022-12-03,643644366,299909.0,496808.5714285714
2022-12-04,643874617,230251.0,497027.71428571426
2022-12-05,644354975,480358.0,512719.5714285714
2022-12-06,644957155,602180.0,503885.5714285714
2022-12-07,645570418,613263.0,514954.4285714286
2022-12-08,646362530,792112.0,531657.4285714285
2022-12-09,647020054,657524.0,525085.2857142857
2022-12-10,647284319,264265.0,519993.28571428574
2022-12-11,647575161,290842.0,528649.1428571428
2022-12-12,648141382,566221.0,540915.2857142857
2022-12-13,648914246,772864.0,565298.7142857143
2022-12-14,649599994,685748.0,575653.7142857143
2022-12-15,650350700,750706.0,569738.5714285715
2022-12-16,651082757,732057.0,580386.1428571428
2022-12-17,651383230,300473.0,585558.7142857143
2022-12-18,651666954,283724.0,584541.8571428572
2022-12-19,652253365,586411.0,587426.1428571428
2022-12-20,652962245,708880.0,578285.5714285715
2022-12-21,653683017,720772.0,583289.0
2022-12-22,654440983,757966.0,584326.1428571428
2022-12-23,655082428,641445.0,571381.5714285715
2022-12-24,655426807,344379.0,577653.8571428572
2022-12-25,655613101,186294.0,563735.2857142857
2022-12-26,656132506,519405.0,554163.0
2022-12-27,656786661,654155.0,546345.1428571428
2022-12-28,657423793,637132.0,534396.5714285715
2022-12-29,658095078,671285.0,522013.5714285714
2022-12-30,658677181,582103.0,513536.14285714284
2022-12-31,658941245,264064.0,502062.5714285714
2023-01-01,659255840,314595.0,520391.28571428574
2023-01-02,659675561,419721.0,506150.71428571426
2023-01-03,660138346,462785.0,478812.14285714284
2023-01-04,660708798,570452.0,469286.4285714286
2023-01-05,661444032,735234.0,478422.0
2023-01-06,662162886,718854.0,497957.85714285716
2023-01-07,662519931,357045.0,511240.85714285716
2023-01-08,662847381,327450.0,513077.28571428574
2023-01-09,663196373,348992.0,502973.14285714284
2023-01-10,663591314,394941.0,493281.14285714284
2023-01-11,664097863,506549.0,484152.14285714284
2023-01-12,664574976,477113.0,447277.71428571426
2023-01-13,665010820,435844.0,406847.71428571426
2023-01-14,665232172,221352.0,387463.0
2023-01-15,665429036,196864.0,368807.85714285716
2023-01-16,665643654,214618.0,349611.5714285714
2023-01-17,665995747,352093.0,343490.4285714286
2023-01-18,666373465,377718.0,325086.0
2023-01-19,666697963,324498.0,303283.85714285716
2023-01-20,667039683,341720.0,289837.5714285714
2023-01-21,667193087,153404.0,280130.71428571426
2023-01-22,667307514,114427.0,268354.0
2023-01-23,667478568,171054.0,262130.57142857142
2023-01-24,667750388,271820.0,250663.0
2023-01-25,668044608,294220.0,238734.7142857143
2023-01-26,668326357,281749.0,232627.7142857143
2023-01-27,668564281,237924.0,217799.7142857143
2023-01-28,668697644,133363.0,214936.7142857143
2023-01-29,668821491,123847.0,216282.42857142858
2023-01-30,668981369,159878.0,214685.85714285713
2023-01-31,669212026,230657.0,208805.42857142858
2023-02-01,669509841,297815.0,209319.0
2023-02-02,669768926,259085.0,206081.2857142857
2023-02-03,670006985,238059.0,206100.57142857142
2023-02-04,670109724,102739.0,201725.7142857143
2023-02-05,670198913,89189.0,196774.57142857142
2023-02-06,670344900,145987.0,194790.14285714287
2023-02-07,670542677,197777.0,190093.0
2023-02-08,670772775,230098.0,180419.14285714287
2023-02-09,671031678,258903.0,180393.14285714287
2023-02-10,671173761,142083.0,166682.2857142857
2023-02-11,671305968,132207.0,170892.0
2023-02-12,671383614,77646.0,169243.0
2023-02-13,671521568,137954.0,168095.42857142858
2023-02-14,671715168,193600.0,167498.7142857143
2023-02-15,671955076,239908.0,168900.14285714287
2023-02-16,672162969,207893.0,161613.0
2023-02-17,672356270,193301.0,168929.85714285713
2023-02-18,672447233,90963.0,163037.85714285713
2023-02-19,672533666,86433.0,164293.14285714287
2023-02-20,672621026,87360.0,157065.42857142858
2023-02-21,672801158,180132.0,155141.42857142858
2023-02-22,673047261,246103.0,156026.42857142858
2023-02-23,673268353,221092.0,157912.0
2023-02-24,673410779,142426.0,150644.14285714287
2023-02-25,673456230,45451.0,144142.42857142858
2023-02-26,673521851,65621.0,141169.2857142857
2023-02-27,673648876,127025.0,146835.7142857143
2023-02-28,673799675,150799.0,142645.2857142857
2023-03-01,674020289,220614.0,139004.0
2023-03-02,674209348,189059.0,134427.85714285713
2023-03-03,674392017,182669.0,140176.85714285713
2023-03-04,674446212,54195.0,141426.0
2023-03-05,674502338,56126.0,140069.57142857142
2023-03-06,674560378,58040.0,130214.57142857143
2023-03-07,674690815,130437.0,127305.71428571429
2023-03-08,674870261,179446.0,121424.57142857143
2023-03-09,675047586,177325.0,119748.28571428571
