ds,yhat,yhat_lower,yhat_upper
2020-01-28,0.0,0.0,94223.13274258457
2020-01-29,0.0,0.0,98139.86611538364
2020-01-30,0.0,0.0,100873.80758680077
2020-01-31,0.0,0.0,97885.26497414509
2020-02-01,0.0,0.0,96495.04991315026
2020-02-02,0.0,0.0,96470.35357205983
2020-02-03,0.0,0.0,104733.60889482203
2020-02-04,0.0,0.0,100892.44670266654
2020-02-05,0.0,0.0,96828.90404578457
2020-02-06,201.5608500890242,0.0,103460.54916164433
2020-02-07,488.2226317909816,0.0,104494.77944770662
2020-02-08,756.4827481272963,0.0,95853.70837083836
2020-02-09,1005.8203481627576,0.0,100883.1043767
2020-02-10,1236.453009709082,0.0,101976.0756239287
2020-02-11,1448.4922853735864,0.0,99468.20113199009
2020-02-12,1642.6059902175223,0.0,103456.77383691719
2020-02-13,1819.37356402627,0.0,99835.98859588482
2020-02-14,1979.0659798991137,0.0,98134.3820733729
2020-02-15,2124.6488579551574,0.0,99525.9981804784
2020-02-16,2255.6903945155827,0.0,98927.10212755651
2020-02-17,2374.469937824599,0.0,101503.1811558371
2020-02-18,2482.306485285978,0.0,104963.29330379609
2020-02-19,2581.504915549761,0.0,99652.5756912436
2020-02-20,2673.783051097638,0.0,105410.20852703908
2020-02-21,2760.095166158548,0.0,93933.67895706643
2020-02-22,2845.9728368781452,0.0,100934.10197685023
2020-02-23,2930.4758394441724,0.0,102807.79501486692
2020-02-24,3017.20261763642,0.0,95793.4411361282
2020-02-25,3107.7857465139314,0.0,102912.15466287163
2020-02-26,3205.119229484907,0.0,99735.21125171811
2020-02-27,3310.8581828151305,0.0,96086.97882158947
2020-02-28,3425.2912598931202,0.0,102260.00717944863
2020-02-29,3555.029411600224,0.0,102107.35449140871
2020-03-01,3697.0150845410294,0.0,106774.95914761105
2020-03-02,3854.455186872547,0.0,108259.33254182003
2020-03-03,4027.509319235813,0.0,107707.69794267022
2020-03-04,4217.828843248892,0.0,102167.87926888945
2020-03-05,5777.9795761437845,0.0,110127.22358215187
2020-03-06,7393.012380323352,0.0,118758.0627361519
2020-03-07,9082.765707196317,0.0,106817.83777311112
2020-03-08,10845.040084981929,0.0,111437.67007908931
2020-03-09,12688.84849801493,0.0,110849.77871024694
2020-03-10,14613.629950241448,0.0,118256.35701217582
2020-03-11,16621.41756482411,0.0,117715.76205990544
2020-03-12,18706.567691495955,0.0,115454.37705478944
2020-03-13,20854.021707942687,0.0,123732.55874626058
2020-03-14,23079.266928922894,0.0,119420.49454555879
2020-03-15,25347.370949188848,0.0,129316.30474164855
2020-03-16,27654.774127263565,0.0,119773.44399998848
2020-03-17,29981.514017065638,0.0,123015.8052403956
2020-03-18,32316.545893623206,0.0,132782.95099234927
2020-03-19,34639.012928769705,0.0,135685.51116692112
2020-03-20,36917.512937057545,0.0,126955.5737381087
2020-03-21,39173.423421692714,0.0,137857.5406471733
2020-03-22,41352.01931009055,0.0,138747.29240771141
2020-03-23,43452.54030547847,0.0,144301.8663756524
2020-03-24,45453.08361076782,0.0,153190.10032634434
2020-03-25,47348.66642703277,0.0,151206.60179813748
2020-03-26,49123.568670781024,0.0,146770.93884941156
2020-03-27,50751.0899637781,0.0,153636.38503899166
2020-03-28,52279.691614878735,0.0,153661.93751935492
2020-03-29,53655.63310825315,0.0,152936.8849177165
2020-03-30,54900.74825181287,0.0,161408.83711247361
2020-03-31,56009.45516541504,0.0,158397.19507123457
2020-04-01,56999.041200781256,0.0,155244.99303829865
2020-04-02,57872.60600288306,0.0,154703.4175391529
2020-04-03,58618.89871233073,0.0,149763.91441510295
2020-04-04,59320.942280549,0.0,152251.973172207
2020-04-05,59929.940804820704,0.0,157648.61603434887
2020-04-06,60490.612148093984,0.0,159191.21271922742
2020-04-07,61010.26462386832,0.0,157592.3586440501
2020-04-08,61521.35875774746,0.0,162255.75242765676
2020-04-09,62035.21023022544,0.0,166139.18671112412
2020-04-10,62542.168917057985,0.0,163830.445857266
2020-04-11,63143.08361836488,0.0,168824.47880333403
2020-04-12,63774.92306612963,0.0,162812.96338430932
2020-04-13,64484.18591685703,0.0,172083.17170970017
2020-04-14,65268.62358397525,0.0,166247.3959052099
2020-04-15,66152.70317232599,0.0,160913.59029039202
2020-04-16,67132.72112829839,0.0,163400.58691575454
2020-04-17,68177.98257440052,0.0,165404.95532164368
2020-04-18,69385.75220082748,0.0,167786.03824272542
2020-04-19,70659.20794035796,0.0,173065.72685810708
2020-04-20,72029.4917724826,0.0,171881.16845670194
2020-04-21,73470.57984296289,0.0,172154.88881255806
2020-04-22,74988.06485894886,0.0,177918.49211213455
2020-04-23,76556.00393921742,0.0,175120.00048371355
2020-04-24,78119.31670957964,0.0,171581.05654739315
2020-04-25,79772.32915966725,0.0,181709.88360567455
2020-04-26,81389.04873140011,0.0,187481.46925766763
2020-04-27,82993.73149996488,0.0,174295.25646330047
2020-04-28,84548.65992825516,0.0,191144.9400504534
2020-04-29,86055.8991413635,0.0,186395.96748186645
2020-04-30,87485.43686381496,0.0,185422.34983721035
2020-05-01,88778.27455365585,0.0,193538.84898001363
2020-05-02,90047.97043293329,0.0,186822.98192701626
2020-05-03,91162.59182466326,0.0,186851.92936364881
2020-05-04,92163.1234907764,0.0,192490.5252715576
2020-05-05,93023.46710266305,0.0,193262.2155274176
2020-05-06,93764.49554538829,0.0,190998.08566594572
2020-05-07,94372.83970245704,0.0,199994.36281064604
2020-05-08,94804.07767319008,0.0,191532.21402581708
2020-05-09,95206.75049871427,0.0,195044.2641275184
2020-05-10,95455.54988379429,0.0,195912.4216030368
2020-05-11,95617.2240129285,0.0,191604.12742915793
2020-05-12,95682.5638093538,0.0,194668.5458452233
2020-05-13,95692.63631206597,0.0,194027.44907374482
2020-05-14,95648.21895168367,0.0,193177.68879450872
2020-05-15,95513.20700657308,1179.0908703830105,193514.39380844415
2020-05-16,95461.33786911175,0.0,202448.7549407433
2020-05-17,95360.9502484211,7399.710353768439,200591.4508977391
2020-05-18,95288.8530906578,0.0,190200.21623268316
2020-05-19,95234.79909600476,0.0,192740.2885414816
2020-05-20,95240.4970512493,0.0,197303.21948636117
2020-05-21,95300.33334353662,0.0,195743.61704146842
2020-05-22,95365.66511846178,0.0,190343.99740992722
2020-05-23,95614.92686350663,6760.778126279793,206518.40531005725
2020-05-24,95890.63617668924,3275.4096775864264,194430.14802113757
2020-05-25,96261.79986536267,0.0,196392.64209928788
2020-05-26,96701.49020001032,1593.9000569320763,198626.8791463094
2020-05-27,97239.11175261994,0.0,198251.20900551253
2020-05-28,97852.81180210042,6578.437175391697,192845.3100266806
2020-05-29,98474.95723031319,0.0,203421.85112142735
2020-05-30,99285.80804258189,5765.4107489226635,202534.3037077809
2020-05-31,100102.82671910987,0.0,207980.3866802592
2020-06-01,100991.58845977696,1898.8702337108657,203605.82018637832
2020-06-02,101916.2579812875,0.0,199214.94355112597
2020-06-03,102904.82599744809,6138.481261894579,201311.23276977663
2020-06-04,103932.80928111417,1162.7566832940895,200826.03724993256
2020-06-05,104929.41848927074,4961.145337793969,194752.2946989835
2020-06-06,106094.22791497194,10959.711988387538,207130.6949741072
2020-06-07,107238.15810525336,14675.956829723873,209338.0029985466
2020-06-08,108442.22065116336,12274.054338568854,211562.9415042
2020-06-09,109680.20837045353,15183.472726670734,208243.07263330743
2020-06-10,110996.21915971093,11364.653286464221,216372.6630534163
2020-06-11,112378.9907748465,16675.28471765895,211407.64375690118
2020-06-12,113768.15370783492,11615.300633781544,210775.0220764328
2020-06-13,115393.3606621017,6395.496174703342,210413.36112667815
2020-06-14,117066.49352823134,11046.742482624437,216224.78647479758
2020-06-15,118887.89696030048,27973.140306690857,214253.818617135
2020-06-16,120841.05168919686,20622.246610270686,217728.36811155337
2020-06-17,122982.27973249428,30231.854455019336,227165.84218652264
2020-06-18,125305.73693282755,30244.957435463526,228035.39249735215
2020-06-19,127749.90368197649,35016.75885339315,221373.1061593438
2020-06-20,130559.45321031276,33320.21956594626,229725.58630619
2020-06-21,133529.08075688774,33980.05205450046,236134.30815708582
2020-06-22,135992.16350673774,29131.37426002636,234761.69654009436
2020-06-23,138659.79095835763,41035.438873636784,244789.8270795527
2020-06-24,141572.60325764588,39123.172273958065,240504.84160280263
2020-06-25,144702.35816585223,42583.15263398468,246848.22515313808
2020-06-26,147961.06514269902,46481.12865304243,242988.43957151103
2020-06-27,151575.526834409,50998.88838828491,249448.510621087
2020-06-28,155305.2105443126,58562.1270635352,256608.9796632191
2020-06-29,159223.43257986335,59945.20203311835,254200.05998126543
2020-06-30,163271.38230277493,66682.01674992118,265776.2921021466
2020-07-01,167466.2451090143,67817.1423035248,264683.68249155517
2020-07-02,171756.09173102333,68113.67023426686,271507.24162488576
2020-07-03,176029.86141234243,74768.17340946259,274862.70073691965
2020-07-04,180500.95680818282,76985.93045521506,283320.7047243911
2020-07-05,184907.86742802255,89375.20695449594,284663.6777270557
2020-07-06,189313.48202295083,91428.68970315809,293549.91182550683
2020-07-07,193649.32448457862,96160.8784156849,301162.21389665484
2020-07-08,197928.57619229192,97083.66653369853,301236.0062152118
2020-07-09,202097.80361728361,112371.7184202913,295560.47731105366
2020-07-10,206047.16704316722,108663.88634529579,305413.6245329125
2020-07-11,210002.38311700925,118565.91211860308,306891.9634898926
2020-07-12,213707.37324220288,115868.97386751663,314714.73424698063
2020-07-13,217240.9579495313,115263.6745869208,321364.08106083603
2020-07-14,220550.56236270917,115412.00075905863,317510.04803600576
2020-07-15,223669.42209563655,124391.83300689563,323879.1411829042
2020-07-16,226564.481677147,125381.44024236385,330330.67210362526
2020-07-17,229146.2300479739,126490.52083927211,328173.8288973694
2020-07-18,231668.5189528283,128888.63257731716,330598.16494434857
2020-07-19,233892.82698908105,140124.3956166385,333922.0223370135
2020-07-20,235922.04155914375,134195.25554846862,338229.68449406774
2020-07-21,237723.4632031461,134864.99711931788,332573.0444225613
2020-07-22,239350.15301778828,136295.3557684578,336253.34364769637
2020-07-23,240785.08950946384,140034.18877055726,348088.84575545875
2020-07-24,241950.84503789933,144711.48878854956,341200.9663062352
2020-07-25,243117.59375879559,142477.6661815272,348951.67063763214
2020-07-26,244049.4338165048,139704.79575998048,344399.33208137995
2020-07-27,244855.79397374656,139614.8859001497,339924.80039178673
2020-07-28,245504.3513716156,149779.11554509046,359279.9563493925
2020-07-29,248730.38735871235,147611.9785187134,345896.7221039971
2020-07-30,251821.68409554617,145944.21624123357,347789.37193083373
2020-07-31,254684.71126532022,156456.24815402672,351182.35588839627
2020-08-01,257590.20953025718,159324.73216125555,350159.1100342302
2020-08-02,260274.15348515098,160093.28204577882,362260.4778658161
2020-08-03,262835.8800795598,162126.61119346743,366393.5832212891
2020-08-04,265222.8758526512,165769.81677530493,364783.4890885462
2020-08-05,267474.33581177087,170040.96859542085,364101.2788635092
2020-08-06,269548.6319140661,163738.92660397128,369054.3735796328
2020-08-07,271331.6022928695,174025.2105591346,373446.54796317656
2020-08-08,273108.82572976407,170183.97818988955,365660.8778382126
2020-08-09,274583.35651004827,173719.32222773612,374770.35107378964
2020-08-10,275858.12153911975,173251.44090484694,375884.89164957753
2020-08-11,276873.4375941874,170682.39990450148,384891.2715694667
2020-08-12,277673.0994303548,172048.71685438376,377861.13808001886
2020-08-13,278216.6964645961,185919.99548322195,375501.2249429045
2020-08-14,278389.1653402144,171961.89330186363,375006.50856310944
2020-08-15,278513.19846624293,178283.38959244423,372526.37285430834
2020-08-16,278283.01019433886,182673.4643870192,370079.5235715125
2020-08-17,277830.1740299828,186094.4342993088,375915.32455293374
2020-08-18,277112.97986190853,171453.46330187205,382647.73136457277
2020-08-19,276204.12909413176,176450.12876523726,375728.3710310311
2020-08-20,275086.9762135559,174938.3075857535,378418.8945653287
2020-08-21,273665.45205830055,169237.1439770549,371235.70753084705
2020-08-22,272315.77598164696,173749.32699544998,368174.1722266848
2020-08-23,270735.5152448856,172641.37305098295,369471.1320052389
2020-08-24,269092.244301809,170491.38331114556,367135.43580115365
2020-08-25,267364.2684346511,169016.5221700056,362625.6396859563
2020-08-26,265649.61689068796,162210.96665140148,362816.9963629564
2020-08-27,263946.07992930384,174398.02501679194,364695.2231396102
2020-08-28,262161.5624322743,158150.21469387738,373584.7077545461
2020-08-29,260705.35171519374,155875.46722793684,362006.1211580822
2020-08-30,259252.9115591271,163093.1141488378,354572.761824984
2020-08-31,257977.9850350473,153954.87191698462,352065.6887059092
2020-09-01,256845.47049595922,165706.1045527094,355195.12681250763
2020-09-02,255942.64175828837,158725.18009479097,354571.79103907914
2020-09-03,256393.61250318444,150585.5210923494,365729.4582887538
2020-09-04,256896.06532509258,155021.9247529805,356771.4965662897
2020-09-05,257861.98800227031,149154.5220154869,364978.04473190557
2020-09-06,258909.3086108045,165482.1817687694,362052.84237638884
2020-09-07,260190.42333930702,162289.00631858577,359480.92271873454
2020-09-08,261630.04187572957,160757.6874893986,358723.5641715029
2020-09-09,263285.59250162315,157060.6163142694,354940.6298858069
2020-09-10,265092.0091104506,160724.24001352536,364901.0405735793
2020-09-11,266874.078481798,165362.52745171695,359969.7225406111
2020-09-12,269045.72555365186,171268.8015520238,370752.1193601854
2020-09-13,271156.209084115,171238.111783089,376062.4528712947
2020-09-14,273344.5911325801,176720.61289363672,369034.03359912406
2020-09-15,275507.35583990935,185787.18845327248,375667.9958424977
2020-09-16,277692.66606685956,177921.4759029436,374064.7072841581
2020-09-17,279822.7892318663,188534.59475656238,376784.21610880125
2020-09-18,281708.5368932613,184016.23783824453,382667.11732490227
2020-09-19,283808.5770145645,181011.74961185906,384811.772066066
2020-09-20,285650.5446205646,190542.6481330948,391766.977111435
2020-09-21,287410.0367587,188300.34896648483,384194.2856224834
2020-09-22,289006.4540594103,192645.79861450536,386094.87984346965
2020-09-23,290529.47072323534,190881.86327060655,390220.52949364233
2020-09-24,291937.4244422341,191492.97447211898,395338.7622579477
2020-09-25,293072.1906964577,196828.7461049956,399742.12649806583
2020-09-26,294476.9362044861,192206.89813593792,392284.0164947332
2020-09-27,295690.68440340785,194936.28553180146,399871.3320952016
2020-09-28,296950.5526475048,199973.8510830491,395538.08943896455
2020-09-29,298214.7572302101,200672.65841822678,397452.0098389473
2020-09-30,299620.50239669054,206118.15627374384,402768.5513880984
2020-10-01,301157.83868071245,199119.31885310874,398464.33856861887
2020-10-02,302684.7998705714,207209.90104763056,405252.86846410966
2020-10-03,304803.7644660824,202843.10774973966,399459.38379943854
2020-10-04,307029.9864392563,211625.7815206719,409743.7783714972
2020-10-05,309617.9226286517,209487.6341451586,407212.3262087491
2020-10-06,312512.5695524485,207862.0515381355,417703.432484611
2020-10-07,315840.2322739578,220725.81217850684,415802.05301273114
2020-10-08,319559.5664693946,218967.72526020734,417243.28134214546
2020-10-09,323340.165719723,218240.16047440254,423493.78193837905
2020-10-10,327914.3148605776,240682.6482401982,430623.5471676746
2020-10-11,332708.19817071164,235862.85897094203,440512.8281756743
2020-10-12,337931.6426680258,237106.5677750238,436117.8185160147
2020-10-13,343460.638346291,241939.85418183205,448633.43517889065
2020-10-14,349362.3938964704,248592.184477488,448230.373164076
2020-10-15,355526.08675932715,260522.94297940805,454232.6611397115
2020-10-16,361684.2478948662,261517.95877226582,468397.1607522188
2020-10-17,368408.4795773037,273799.4597194895,473517.06200611725
2020-10-18,375037.8710993264,275315.5480719286,476893.8072790021
2020-10-19,381751.7061816054,284562.8470347326,488104.937211141
2020-10-20,388385.9005466344,289571.7013182671,481349.57759982155
2020-10-21,394991.07041589747,297375.4735859671,491976.5727649608
2020-10-22,401442.6002340233,304678.6395039324,500079.3321241716
2020-10-23,407464.5055883231,306453.1376976191,504216.85526893835
2020-10-24,413682.67883794685,313079.56320957467,518628.93594728113
2020-10-25,419434.23109060084,311506.95368332847,518321.8556053195
2020-10-26,424958.8239113054,315388.76451629365,525818.2183168035
2020-10-27,430146.4457482312,328330.27892868465,528069.3434527256
2020-10-28,435125.7259912908,330085.8077307601,539278.5106400917
2020-10-29,439850.44244584074,345897.14799608686,536267.1918950902
2020-10-30,444122.95727870613,342868.82725812966,541542.1202538031
2020-10-31,448702.1447699788,346983.13996621664,537711.5760370431
2020-11-01,452990.96044702554,346823.16807748855,546381.6786561208
2020-11-02,457343.92973170534,357821.58238543494,560084.0391695809
2020-11-03,461744.10813979676,359031.0649856037,561801.7327658623
2020-11-04,466419.87149137567,371187.62362207327,568610.1413335016
2020-11-05,471406.5432776504,373083.5257221991,573003.2349081875
2020-11-06,476568.58559370425,384351.2330583756,575399.8320108658
2020-11-07,482761.93160807,384423.5566091859,585445.4117204403
2020-11-08,489400.0690007082,395088.64225634886,587362.1037452065
2020-11-09,496878.545212699,393675.8111171215,596697.4037205669
2020-11-10,505182.5350218985,399687.1000653536,608125.416275429
2020-11-11,514534.0692013278,411142.6987025546,619283.4555004486
2020-11-12,524931.2412295657,428629.08366212255,624694.3690300963
2020-11-13,536172.0528374945,437022.4460819923,633949.1167026332
2020-11-14,549074.4199104592,448517.58467973984,647858.9008995576
2020-11-15,554013.2404069479,451881.65753605025,654544.6942499108
2020-11-16,559840.7023758148,459444.1142906059,652864.0507640053
2020-11-17,566366.8245912377,460646.7691265487,669200.4794595198
2020-11-18,573633.9331950762,473759.3211618849,678858.6825544758
2020-11-19,581456.0060488323,485925.35817357723,677707.2086985516
2020-11-20,589463.1152203467,491489.90181210986,695397.0077646058
2020-11-21,598261.0368221035,494276.3345256056,693791.6099462183
2020-11-22,607009.1864196417,511736.87087705714,698003.5612283355
2020-11-23,615843.2200849678,517621.13792978995,714073.5790414697
2020-11-24,624503.5735766295,533004.566831355,728998.1219247874
2020-11-25,632966.9637220259,524768.9266633278,735898.0099119365
2020-11-26,641018.0324910353,541075.2722262151,737319.0646617102
2020-11-27,648292.504664711,552969.1396374464,749018.338953884
2020-11-28,655357.1000848577,557098.1449479718,756176.4943965762
2020-11-29,661454.3880501771,561436.7334243153,764189.2629431232
2020-11-30,666757.5262002196,567179.9231105528,771218.359620882
2020-12-01,671092.5563498187,568485.924126664,768278.1529975149
2020-12-02,674523.7248919818,571641.6656132302,781340.8975766667
2020-12-03,676953.3982192401,580548.9243030499,770638.9730878175
2020-12-04,678160.0952749001,586512.1451580062,784943.3836740298
2020-12-05,678795.1537877454,573248.614104468,774383.925881316
2020-12-06,678291.341660369,580641.7667174427,776564.7602128166
2020-12-07,676947.0408468856,570164.1785926152,778524.3023423696
2020-12-08,674740.1448651546,573283.8299379414,772496.356975116
2020-12-09,671865.6339925964,570511.3486182318,772387.8256847154
2020-12-10,668362.8243537119,567235.749844892,767232.2781465164
2020-12-11,664147.9821290751,565383.6208699747,770669.788002006
2020-12-12,659928.0947885554,558932.1106646439,760541.5511867004
2020-12-13,655274.2166421287,560052.9650934791,752570.6445032096
2020-12-14,650536.6658834078,556046.6200949372,752303.6970764139
2020-12-15,645752.6319876174,543078.4988732913,745901.0988607513
2020-12-16,641138.5888749979,536972.7701679075,744197.4890170463
2020-12-17,636747.8587062706,539452.007804201,733905.556120393
2020-12-18,632501.0999315033,528753.5310786559,730714.2460443121
2020-12-19,629020.6931128405,536334.265270733,720952.6964592143
2020-12-20,625872.4496882488,533415.4086918524,731625.8157074575
2020-12-21,625512.1914493414,528531.4451498693,720610.8547787713
2020-12-22,625749.356685148,529488.9237515712,729718.6589871718
2020-12-23,626699.3217141327,522405.941401622,723013.0671040873
2020-12-24,628317.0674435598,522534.8090461577,717783.3880606007
2020-12-25,630425.9193237966,530233.4164785458,731892.8050844443
2020-12-26,633489.5394944088,533803.5603604367,733352.6325521094
2020-12-27,636994.1531688737,538333.6978877527,734441.9737374773
2020-12-28,641063.9854576222,542023.4687937846,737188.6404094276
2020-12-29,645545.6483532896,540993.442239823,742342.0238030297
2020-12-30,650427.9194460268,545154.7916947498,752139.1644497705
2020-12-31,655556.7643420764,547762.9123700972,761752.4361481909
2021-01-01,660664.7520078133,565629.6308484636,755916.4843137125
2021-01-02,666084.9664405376,567456.3917296225,772979.6578859473
2021-01-03,671260.6612253744,574051.011649851,765345.0079675514
2021-01-04,676236.5981063911,574029.1702938463,777473.9099062472
2021-01-05,680816.0384673611,581400.6928312236,776084.6738481129
2021-01-06,684947.9646005641,584185.1425111169,786642.8782025757
2021-01-07,688465.4806602177,595263.5523873576,790859.5367500234
2021-01-08,691113.437200353,597558.7962024912,799256.7366702332
2021-01-09,693201.7249826282,599920.1505219482,793329.338330338
2021-01-10,694239.817882938,595106.2688095896,803895.6882085259
2021-01-11,694301.5371115181,586637.4113803875,791808.9086777748
2021-01-12,693252.296553472,586835.995586876,798582.1723750073
2021-01-13,691101.5971229944,591719.8025781272,791020.7943437467
2021-01-14,687762.8662177522,585600.0127311478,784587.5425977784
2021-01-15,683077.6205639764,586102.6471514564,783082.9998276657
2021-01-16,677406.7707481998,578331.6343361072,776052.1986500287
2021-01-17,670389.0009584894,574718.7314892607,767372.12161541
2021-01-18,662178.237563508,567687.3695009681,770656.4654196593
2021-01-19,652740.7575979428,545431.4530531625,748867.0433567646
2021-01-20,642172.886852974,541725.3083277598,737017.3889196102
2021-01-21,630482.511790704,526086.0393987602,727030.5254314783
2021-01-22,617610.2920023337,520744.50097144325,715649.2697558156
2021-01-23,603959.7314224498,508726.5372941414,706169.9102665429
2021-01-24,589280.3574210113,490736.8110264107,689265.2439175774
2021-01-25,573779.0207721487,472499.3029979247,676892.5110592289
2021-01-26,572112.66391836,471414.9005377482,668003.7551763741
2021-01-27,569406.9491412626,474392.26929694036,660950.1755169156
2021-01-28,565649.2094676059,470123.9577735622,664655.7319962643
2021-01-29,560754.595858354,460024.449361342,657097.7733927312
2021-01-30,555092.552770607,453452.465262648,653618.3715265552
2021-01-31,548388.0761154062,446475.8590814934,640183.8544265202
2021-02-01,540818.5218163652,442924.51469215006,646340.7419564197
2021-02-02,532385.0689585429,433149.5192425808,629201.6317162638
2021-02-03,523207.1617410117,418395.518043781,623558.506737782
2021-02-04,513314.27270955703,407211.2786747914,609260.8523542259
2021-02-05,502657.035267936,405367.93422195985,597718.1467769677
2021-02-06,491665.28355711815,390158.0061544931,585189.1846871512
2021-02-07,480083.49768728385,373835.05951261334,576759.6828291789
2021-02-08,468133.3774775603,373974.8157971072,569151.487931814
2021-02-09,455847.76594634156,360225.1979152946,555435.959115901
2021-02-10,443382.39211620844,339799.6823972332,537890.2879456423
2021-02-11,430795.3546545345,335759.5521963732,535345.5563131585
2021-02-12,418058.8873485365,318315.7081323383,511867.57034567033
2021-02-13,405648.58566747134,304660.97067356185,502834.137026527
2021-02-14,393312.5857110422,289551.00945946143,493023.87183828646
2021-02-15,381299.3965919288,279007.0090128216,475645.8548059493
2021-02-16,369653.7509303144,269433.4263929829,467450.9465931004
2021-02-17,358545.11687823356,265410.6469517312,454066.6967116679
2021-02-18,348034.40205612156,252981.66791752094,448515.58718886925
2021-02-19,338085.9134435651,239564.33451854897,438551.733138313
2021-02-20,329187.42279283,223815.819073809,427688.19086645014
2021-02-21,321052.84932291147,226045.7142280397,422757.74278972275
2021-02-22,313915.26269663154,217444.3955531886,413343.382876426
2021-02-23,307784.7343705896,207010.69747163507,401179.07836832904
2021-02-24,302793.8695961712,205228.47894626448,390231.6808675069
2021-02-25,298952.1686048075,197867.78684199494,391966.0157735386
2021-02-26,296158.8070653063,194058.7062742559,396961.2324789799
2021-02-27,294854.35203413345,189958.5647314218,395750.553959583
2021-02-28,294657.93512225524,198480.1618151179,396457.88425260567
2021-03-01,295726.5705683534,193896.63997136184,392518.2460370843
2021-03-02,297976.2859657649,202276.04227986402,400766.6189421604
2021-03-03,301446.05704459595,207902.6234313445,401768.1149986675
2021-03-04,311720.41508627863,209951.47496578872,420765.5034720271
2021-03-05,323035.34508054145,232409.7064811051,420882.92962025426
2021-03-06,335811.09576673707,241281.21619586996,435771.12167382054
2021-03-07,349568.6613059226,241579.9358880327,451102.8552914663
2021-03-08,364409.16355882736,271574.79538731277,463232.4123211905
2021-03-09,380162.07575964154,288572.5926562154,488935.6916885507
2021-03-10,396795.03325802286,300057.7210939137,498513.14458738925
2021-03-11,414121.22206177266,318603.5050402543,518947.40543598315
2021-03-12,431809.221397247,330083.6318764616,534333.6160695703
2021-03-13,450217.9329263071,355007.8052411336,550011.3009002751
2021-03-14,468669.925957403,375736.77216303546,564352.8196402267
2021-03-15,487183.6070815222,381614.6547144705,589880.4273005977
2021-03-16,505481.85073405586,407019.4410970954,607653.4752846675
2021-03-17,523470.4496945751,415129.75578430487,620557.2704172272
2021-03-18,540901.7091352958,449197.2028171965,640487.050422289
2021-03-19,557389.4089401321,458892.57130805415,656900.6500428538
2021-03-20,573364.7210443821,480053.6235413151,665816.4446065003
2021-03-21,588100.1852377264,472109.59026751097,694014.341883242
2021-03-22,601691.758566094,509478.988237024,709752.962338681
2021-03-23,613924.5229759908,518314.0007989836,708108.1863257791
2021-03-24,624816.0972850691,520062.39416466124,723494.7270627404
2021-03-25,634232.4966798363,537522.7161268695,729223.1497064494
2021-03-26,641904.1104824108,539401.8067294671,741629.4721203344
2021-03-27,648498.4448007464,552170.0839977987,750760.5273225807
2021-03-28,653390.6186946722,555271.8651281343,753550.4480417937
2021-03-29,656891.348966829,560530.5867326825,758676.724904866
2021-03-30,658966.0685133536,561791.2318270874,755577.1072841324
2021-03-31,659840.0190577663,567518.7883818112,761859.8568520864
2021-04-01,659563.5809348508,557260.268478882,752802.1715493292
2021-04-02,658027.0456123645,556113.0069089718,752278.8272083187
2021-04-03,656148.6124982634,556160.5106261672,758036.2074494467
2021-04-04,653390.5425090527,551420.2693718664,749564.3410717497
2021-04-05,650232.9636021727,550235.7730959653,751355.0707815897
2021-04-06,646747.0534676813,543997.827471715,741864.9393322944
2021-04-07,643263.2337230897,549352.101585052,735368.755544554
2021-04-08,639888.1349010877,536218.4670065534,740026.1725763392
2021-04-09,637030.1452256716,542734.8065733383,736824.6799850891
2021-04-10,635161.9353199278,538921.0500171819,733853.9032747534
2021-04-11,633648.9351710343,536603.2532224349,735332.9993797853
2021-04-12,632947.2763191877,535006.4854534662,730078.4349317611
2021-04-13,633033.9749313173,533299.5412096402,733490.3199120251
2021-04-14,634144.82875518,536181.604074433,732038.3434422989
2021-04-15,636246.3011683057,524976.5971123687,737000.5810444051
2021-04-16,639057.8713358573,538087.627041047,742928.3627660198
2021-04-17,643490.9220904724,536510.5695122582,743532.0131177421
2021-04-18,648651.3388016646,551367.1890368223,744873.324556792
2021-04-19,654835.4494273016,555097.8454099454,753091.835528912
2021-04-20,661813.9164053601,569468.9811518525,755103.0952041781
2021-04-21,669644.6767627097,564725.9265445538,767115.1092631
2021-04-22,678100.881577931,582335.1569898144,780348.7060328887
2021-04-23,686701.4707767209,587915.417942886,791554.4604165817
2021-04-24,696281.4419249067,596378.8028934709,794442.1471087993
2021-04-25,705732.970205144,605545.357468742,808997.2376805474
2021-04-26,715269.7166514632,610072.0460754763,815856.7538836475
2021-04-27,724562.2800921255,626741.6095310932,825523.677246218
2021-04-28,733623.2362089178,636012.0294831629,829756.9861798083
2021-04-29,742187.4729934356,645620.7736013434,844591.2631638605
2021-04-30,749746.7167928991,661091.4763943454,852139.5154195064
2021-05-01,757246.4141288408,651706.5450318869,847378.360081578
2021-05-02,763560.2446970489,661950.7793432685,858576.7843450849
2021-05-03,769017.4547978366,678340.1949552351,869058.0698961671
2021-05-04,773384.4635107467,677296.4501926656,871904.6154832963
2021-05-05,776816.6864612313,673534.3683006853,875850.4910805714
2021-05-06,779186.1967984147,671326.6289179514,881632.9273380049
2021-05-07,780115.5212630597,682201.8964723244,877449.1489846547
2021-05-08,780796.9774495394,679572.1152640051,877419.8606906211
2021-05-09,780197.0651903984,682870.4565382125,879964.9494014403
2021-05-10,778844.0540641608,683005.9138640065,880918.3399719041
2021-05-11,776653.794992594,673425.3378647728,880188.0027697379
2021-05-12,773947.2567777383,672547.3580420435,870276.8667009578
2021-05-13,770725.3461577983,680598.4773318649,864743.2689191964
2021-05-14,766702.7146808406,661055.5770902465,864165.9154782958
2021-05-15,745241.188231317,642346.2386908279,847956.7961766794
2021-05-16,723829.6865572834,630164.4957006649,828619.126905413
2021-05-17,703054.6043151487,606055.8768094,807987.3331726848
2021-05-18,682828.4988447711,582987.015795854,781470.0898167897
2021-05-19,663431.1654183322,570066.1361563454,755652.6295647555
2021-05-20,644796.9456199256,545876.8382490354,743021.5607090966
2021-05-21,626587.5762579776,528226.9550452158,721521.5473155061
2021-05-22,609931.3056155056,512717.1464023693,708717.6153571091
2021-05-23,593772.7238340648,489418.6553390816,701398.629274928
2021-05-24,578515.4157226644,480347.7170959957,667358.8923193911
2021-05-25,563960.1909590582,459137.54024979763,664993.2099446843
2021-05-26,550241.4469281859,458308.9452507726,655296.6451490005
2021-05-27,537193.6834129619,435666.1895167116,632708.2012517336
2021-05-28,524421.7944346768,421854.0035860829,632568.2070341434
2021-05-29,512845.5297581567,419291.5054533907,609282.0005035889
2021-05-30,501462.45160559495,398527.51600870484,597997.2691874187
2021-05-31,490580.60768475867,379634.81017809385,592310.2276508546
2021-06-01,479991.3707386568,383442.9183153633,575077.5114418913
2021-06-02,469796.67467143544,372640.20527788054,568866.3242789878
2021-06-03,459850.19186607946,351659.56279324746,561399.1461409224
2021-06-04,449820.54976924823,354393.6908857323,550415.6385295881
2021-06-05,440536.7933886937,342519.25072504714,536603.2175702977
2021-06-06,431160.4353630512,339423.9790701602,525494.6733814103
2021-06-07,422004.54972485226,323132.9116029806,519979.1068673843
2021-06-08,412938.1583271042,311179.7236061621,516392.9183532108
2021-06-09,404101.89684023854,305006.34652917064,501866.3389352967
2021-06-10,395422.0888595152,301741.5414649125,491620.9678660757
2021-06-11,386665.83277545514,282854.69332392537,485184.41903016495
2021-06-12,378587.13089019427,281434.8118660007,484302.74262661836
2021-06-13,370508.40263921756,272994.2332197649,473005.21085525164
2021-06-14,362727.0337828672,261251.35228747752,459171.738349325
2021-06-15,355152.9486824132,255473.89767928587,453874.8130089636
2021-06-16,347914.8701194851,250951.42766946676,450894.20732837496
2021-06-17,340949.88435687503,232464.61989190205,451183.5171649774
2021-06-18,334053.3160939523,230341.08573594195,430356.2437881793
2021-06-19,327828.6512006659,228529.22657684996,433966.44389524235
2021-06-20,331227.3880356874,226876.40616572744,422066.551677046
2021-06-21,335164.58970015583,235466.41183144436,444695.5692394332
2021-06-22,339559.8570742326,238650.02743881638,437046.329016902
2021-06-23,344518.21247393516,246967.72096803464,448739.62392892875
2021-06-24,349972.8016624086,251046.49100923026,455625.970699582
2021-06-25,355711.13626058825,259000.30172308098,452084.684500135
2021-06-26,362296.4932338247,266774.84688891214,459355.52469411143
2021-06-27,369140.87382535095,270301.6594933581,467467.374056767
2021-06-28,376428.921833959,278525.5775817417,474382.7674232165
2021-06-29,384021.54330035584,288347.48667912744,481224.08404910035
2021-06-30,391963.95032947423,299558.70450484223,485959.11359847325
2021-07-01,400133.63281931134,298168.02158390905,502551.80040175794
2021-07-02,408267.8655171989,302540.36495238444,510477.21900298196
2021-07-03,416876.97821231844,318920.784327992,521853.063382749
2021-07-04,425338.51327790285,328703.7517741694,525276.1048051411
2021-07-05,433802.29572895484,339493.48881092854,529678.0047800416
2021-07-06,442106.2503751831,342822.8380446723,541129.8168703177
2021-07-07,450279.7711327858,347629.97419061477,546670.1416492363
2021-07-08,458195.69178160274,362760.9581420411,551357.3182140653
2021-07-09,465597.58781071915,373084.84608935134,569946.147559844
2021-07-10,473003.294544872,374428.5475098806,576244.8143244061
2021-07-11,479818.5381075587,381311.4217896666,582264.2976261514
2021-07-12,486221.3828271835,392049.9657132858,586539.6548557581
2021-07-13,492088.47638078395,396440.47686594946,583042.6408000947
2021-07-14,497492.03363963356,403088.0739982322,594200.4818020938
2021-07-15,502354.2053136696,393592.7597158678,609216.8973882096
2021-07-16,506472.7307408899,407601.1303351594,602207.4930520622
2021-07-17,510413.4596382385,402873.5626377568,608778.2400403583
2021-07-18,513642.4474673921,409938.0935365386,611639.6448248477
2021-07-19,516389.0346850645,418389.7701498129,615105.6809830836
2021-07-20,518582.05777504976,411423.44644233235,612254.0544846269
2021-07-21,520340.27993516164,424683.09199611074,625830.1613116112
2021-07-22,521629.28618671995,418772.6489625312,618972.8036466357
2021-07-23,522285.90468006,421072.48066338716,619258.9974351432
2021-07-24,522900.4225223056,418980.8711906449,625506.4023638541
2021-07-25,522968.08448160265,421635.5143973386,621271.1647014742
2021-07-26,522731.95964251156,426718.5835820364,618850.5303249091
2021-07-27,533238.3992450244,434847.3742985876,630632.9799452302
2021-07-28,543496.9442258246,444002.0854385932,651934.9316707358
2021-07-29,553450.0505089047,456057.4906299365,657718.6523381798
2021-07-30,562891.7286185618,467444.92828888603,661623.8548282599
2021-07-31,572420.1185060954,465844.06707875966,672636.8488577668
2021-08-01,581454.6297086513,477786.7137849625,679967.021070775
2021-08-02,590216.703066608,491342.516649499,693940.2306909539
2021-08-03,598590.6531169185,501671.13143404823,691078.6680406607
2021-08-04,606665.3581965781,497378.21468967537,711452.4654925916
2021-08-05,614347.4723664871,520639.2311494694,712134.4717747751
2021-08-06,621376.1938235369,518793.57850608515,713277.7132777879
2021-08-07,628398.6289209139,529254.106687307,725817.032540483
2021-08-08,634735.0545009447,527588.3083813074,727553.2874200827
2021-08-09,640614.2424549111,542082.8129079193,740997.4443013292
2021-08-10,645891.4041529848,554607.988481415,749678.614628093
2021-08-11,650658.1172845063,545640.1104961216,742726.9384823586
2021-08-12,654810.0205589661,564518.3251474112,752430.4674240607
2021-08-13,658065.8217460372,560582.714508706,762810.2792450632
2021-08-14,661164.5227205498,558838.3537558152,759591.4123183474
2021-08-15,663377.5191687162,565707.1414963847,764416.0140735748
2021-08-16,664996.8830408634,565317.5734660323,762084.9070593689
2021-08-17,665908.5326058655,569300.0505460631,766136.9182402233
2021-08-18,666268.3076203445,570224.9499492514,774205.2825517948
2021-08-19,666021.914813281,570170.6492237381,761693.1486985132
2021-08-20,664925.875168253,575457.8303251959,759817.1365276474
2021-08-21,663864.3207286159,568970.4805508452,765888.4784720753
2021-08-22,662105.7347365059,557954.7901516187,756914.4149468781
2021-08-23,660042.1674839563,561137.3571896857,759643.1170614904
2021-08-24,657615.8562119108,561931.9561567175,756828.7773560178
2021-08-25,655059.9912541496,548737.7464074558,756651.7225272079
2021-08-26,652369.8339852928,556262.5144684389,750864.6149537587
2021-08-27,649324.9532837664,555850.0456977204,746800.216469904
2021-08-28,646925.4081870496,547057.3246042896,743525.4117019889
2021-08-29,644393.4277193919,541999.685414747,741402.2747267439
2021-08-30,642164.3496332541,540352.8045373139,750354.2934214745
2021-08-31,640167.9584430284,546452.1308176654,731189.3962223001
2021-09-01,628810.6485030316,521227.04507446504,730840.0315968867
2021-09-02,618129.9989492865,521488.2846396927,719633.782564796
2021-09-03,607821.0586548903,510143.1251709743,702743.7383729249
2021-09-04,598829.1854006968,503531.5719187011,694911.4150243641
2021-09-05,590245.609863786,496594.876409421,688616.8097202234
2021-09-06,582406.2468797636,479858.4906366616,682091.7699502758
2021-09-07,575127.6202708724,473663.33121106913,675427.0138658062
2021-09-08,568521.149370629,470793.58467839117,667634.7456760657
2021-09-09,562430.9568239499,466266.3814934957,665104.2970015516
2021-09-10,556480.79964377,456300.4307029005,659048.9160127057
2021-09-11,551517.0175981284,450980.30057810596,648676.2382087376
2021-09-12,546594.9211019687,445766.67185077816,646566.230769758
2021-09-13,541990.6138274787,443330.5432773346,642719.7946821558
2021-09-14,537488.8432784525,424181.8809758521,632710.5364068262
2021-09-15,533174.7643405779,421738.08821832645,632549.7447625123
2021-09-16,528888.5942715112,426981.0582917998,621639.7439600987
2021-09-17,524271.4203470464,424732.913350062,621668.4036275877
2021-09-18,520165.25195815566,426422.97882075625,624047.470843919
2021-09-19,515687.4019903697,418443.6716649111,616157.1612541196
2021-09-20,511152.38536889176,410975.86575044825,617480.5193772415
2021-09-21,506408.7450081882,410264.48576986516,596867.3180317801
2021-09-22,501605.4176831023,400466.0750951183,596507.8557292541
2021-09-23,496660.52558801865,403556.54346276686,592030.9406535013
2021-09-24,491303.59753865807,398090.9983373008,587735.0688154408
2021-09-25,486430.5853532341,384068.89372416073,594100.2548805025
2021-09-26,481264.4891122411,381183.82992674236,578029.4407788892
2021-09-27,476186.026215158,375538.3497551786,574416.8226481318
2021-09-28,471118.6123180516,374947.0129188302,568350.9432802238
2021-09-29,466269.0202551578,370693.96469099395,562037.4152440847
2021-09-30,461610.52051569574,367730.1581086929,570124.9290266519
2021-10-01,456922.2445608241,363601.09477985016,556297.0267299891
2021-10-02,453100.3890909249,355899.35294721025,546734.7661158821
2021-10-03,449406.76753251505,359613.1754033296,545750.7771079761
2021-10-04,446210.3403585727,342219.07987956126,544811.9613253297
2021-10-05,443422.7873063836,348274.81242654164,542364.5466624884
2021-10-06,441216.1676845306,340739.5214936338,540419.0233726114
2021-10-07,439523.3633154851,340343.25657513447,539189.5508323614
2021-10-08,438077.4196218413,340289.90017120965,540950.0177586116
2021-10-09,437682.1149639124,340757.112543026,543076.236562933
2021-10-10,437551.3139267978,331519.07793581404,538906.0999422574
2021-10-11,437964.1208169933,340162.7502918855,536814.2980393284
2021-10-12,438753.5493385578,334162.82890235283,536245.7064755836
2021-10-13,440003.35961562465,338614.2755585041,535010.9547088615
2021-10-14,441567.4691788321,339113.1049135535,537560.1406263117
2021-10-15,443110.92362280976,346300.8911788845,541172.000440698
2021-10-16,445340.32735589816,344925.5907590962,552792.1176713202
2021-10-17,447434.4092981839,349413.78041855694,548303.0628057958
2021-10-18,449612.56863612524,339419.1476596616,545756.6518217999
2021-10-19,451675.87826456706,353389.85867672425,556405.6044074959
2021-10-20,453681.8261600543,350554.6892677167,554997.2768870103
2021-10-21,455481.0026619725,354690.5741835131,555845.9761283401
2021-10-22,456757.36492961465,359960.6161685044,553167.9700172986
2021-10-23,458216.1619443701,355388.7899570304,563247.1010862917
2021-10-24,459102.83787919465,363171.96944189066,555447.6771033591
2021-10-25,459681.94538295973,362022.3981714655,557101.7994106694
2021-10-26,459827.3418951523,363781.80449429445,561409.3979965657
2021-10-27,459671.6709184441,353734.8945696073,554548.9172120802
2021-10-28,459157.23118868633,354744.087935733,561891.6680878063
2021-10-29,458072.6024210613,363003.84579677467,563855.1199449509
2021-10-30,457195.3813342381,361443.87540655007,555811.2532853003
2021-10-31,455897.06908890704,355470.0892813929,549883.0010117238
2021-11-01,454530.39906965086,362850.1026197627,553014.2922102433
2021-11-02,453067.2330619288,351662.7605401799,551547.0435565066
2021-11-03,451721.79563834507,345929.68372478493,555326.982722346
2021-11-04,450515.27625757956,352819.8812273846,545212.4002943822
2021-11-05,449308.9212203046,352761.5056320325,552597.7877079506
2021-11-06,448902.2395557421,348490.521039409,548581.7670049174
2021-11-07,448725.07129255077,347374.4076659998,547892.2727496746
2021-11-08,449135.0328544062,349804.42747877404,549452.3891718276
2021-11-09,450105.27632562566,354244.9080924421,552082.9601298489
2021-11-10,451824.0407114451,357140.07386750786,553306.7599977179
2021-11-11,454275.8800611214,360173.7873581645,550279.3823632048
2021-11-12,457274.3633004149,368494.5306510967,561422.9191891552
2021-11-13,460513.9832579029,359349.84610370995,560579.9745157441
2021-11-14,464335.0513097193,368281.320352742,562878.6060067147
2021-11-15,468978.98595723044,374443.1831208005,565132.8174180115
2021-11-16,474308.5907045967,375963.58261368296,576989.0165641889
2021-11-17,480384.741836926,381858.2437657574,590187.1821506475
2021-11-18,487070.0614391334,393073.2213642383,584210.2094281993
2021-11-19,494065.3337559147,392400.621948573,593053.0261768588
2021-11-20,501910.67116656556,400147.6811875136,598925.5385399375
2021-11-21,509893.64934738266,404841.11671107635,620972.1684152575
2021-11-22,518140.9899647415,417693.2995411284,617143.7784509155
2021-11-23,526433.2222152655,418270.7813990165,620161.5560279647
2021-11-24,534751.4180631517,441730.1318220909,634755.5544470876
2021-11-25,542905.3729843914,452544.9619395447,648175.7186559299
2021-11-26,550569.9410089513,451602.93745169835,646153.7873960366
2021-11-27,558228.6923194402,462832.7108637837,667859.8267609675
2021-11-28,565205.0085330677,471373.757878841,663636.058523759
2021-11-29,571631.5937112655,476093.86582328327,671338.4489110159
2021-11-30,577334.3726480157,476743.3182625348,669266.7342605421
2021-12-01,582345.9180959822,486276.65219725,676242.0033232926
2021-12-02,586554.6965005088,485782.3637979624,689399.0306306159
2021-12-03,589737.8861420269,487541.85851546185,689606.1421356426
2021-12-04,592444.1913871132,488530.30947233975,693406.829183098
2021-12-05,594144.7536040772,500096.79448701104,698524.16338204
2021-12-06,595077.620279992,495529.9729328503,697546.9392051961
2021-12-07,595198.3595433019,496723.19280402525,692808.2954857236
2021-12-08,594658.0735747386,491538.6406890879,692587.6515506117
2021-12-09,593472.0711422701,488322.35745846154,693094.3379811879
2021-12-10,591548.0377268678,497288.18400475377,695242.0490723
2021-12-11,589507.4074504261,481660.6736122271,690471.3153971361
2021-12-12,586956.0329577228,487510.6304165516,684010.5661114121
2021-12-13,584204.0934634939,487353.03785788367,680506.223797381
2021-12-14,581284.4243653485,483406.45980308735,673992.042724417
2021-12-15,578396.600389842,479468.1617439123,681509.3680645891
2021-12-16,575596.9570995644,479668.0927117858,675556.6728860827
2021-12-17,572824.4164698664,476516.0610760257,671976.5011068905
2021-12-18,570663.034472686,474895.61083492555,665439.8795199939
2021-12-19,622136.3551844164,526336.3539651221,716570.4966847639
2021-12-20,675034.058583416,576769.0567419302,771160.9632061642
2021-12-21,729510.9409485788,630910.215230903,828588.8036230712
2021-12-22,785917.1244541443,687283.2421336186,893532.4670383396
2021-12-23,844443.7495150381,744969.925744541,936590.3393334504
2021-12-24,905091.456219845,802139.5056721228,998872.5094306223
2021-12-25,968809.6005761132,871247.3944112823,1067588.6874595454
2021-12-26,1035127.6392230367,935100.3462978316,1142671.5535716887
2021-12-27,1104512.221761956,1013839.30061299,1201234.4293985262
2021-12-28,1176979.9080647284,1081832.156265051,1270748.9983211018
2021-12-29,1252779.4783964802,1157631.0667882161,1361175.747312776
2021-12-30,1331872.0032201733,1231381.4488886155,1436968.733780532
2021-12-31,1413914.3891929942,1308450.818270508,1513502.7611638466
2022-01-01,1499837.7186702832,1404949.843009714,1596152.6069097198
2022-01-02,1588575.5609272586,1489245.2396527731,1691888.9346253674
2022-01-03,1680334.818773087,1582705.8599501746,1776226.8231434585
2022-01-04,1774698.3568785833,1670592.8433724027,1868297.873049963
2022-01-05,1871555.3321801727,1777615.4304924384,1973254.9634617053
2022-01-06,1970422.5619511483,1871793.4276722863,2065021.3605249664
2022-01-07,2070448.8120017964,1972416.6423156895,2160151.5182063594
2022-01-08,2172436.547519324,2073399.5649366616,2285738.003392105
2022-01-09,2274669.968381489,2171646.183678335,2369606.6872803476
2022-01-10,2377100.8642681274,2275430.694717657,2470804.6207703385
2022-01-11,2478940.8610081095,2375528.092023066,2578475.2480033413
2022-01-12,2579837.9755695374,2482221.221027275,2679417.1346907536
2022-01-13,2679036.074620643,2578749.792612174,2788852.624080264
2022-01-14,2775395.417978927,2675121.5398419984,2873568.182709001
2022-01-15,2869852.224695594,2765622.4026111346,2963171.6078809877
2022-01-16,2960339.9280282985,2862542.0999939134,3058901.486891893
2022-01-17,3046882.850512661,2950482.864606686,3148611.726734878
2022-01-18,3128670.435303163,3028950.323246226,3231684.6207099953
2022-01-19,3205472.1947789453,3110353.2121007843,3302572.9993329546
2022-01-20,3276627.4755234155,3175221.930536374,3376695.8528931444
2022-01-21,3341074.754570724,3240488.5894637997,3439837.7139040483
2022-01-22,3400242.0164940925,3310631.570928779,3498185.5382505893
2022-01-23,3452054.9132385524,3353523.933867657,3553237.8738116818
2022-01-24,3444211.834305484,3344672.418690724,3544222.988077121
2022-01-25,3429892.637877511,3331590.0615433194,3528644.937542352
2022-01-26,3409516.906919959,3310579.263226561,3514346.3947446453
2022-01-27,3383015.9742383943,3284358.201531039,3478009.418700029
2022-01-28,3349901.2221020847,3248118.768902891,3449461.971195255
2022-01-29,3312340.3733824966,3205694.503489734,3416896.683351526
2022-01-30,3268729.292571978,3168043.636712915,3368987.7311095884
2022-01-31,3220106.295144932,3113492.8147667344,3316571.7714773174
2022-02-01,3166480.5374611104,3062911.1511436915,3272918.7343006125
2022-02-02,3108543.0432703462,3008295.6215056838,3204883.4532623147
2022-02-03,3046461.2851514923,2947028.4732477176,3142405.914329143
2022-02-04,2979951.038218812,2872610.49316356,3076685.606440694
2022-02-05,2911465.4367007874,2815706.563474188,3008021.003958557
2022-02-06,2839533.0735333795,2740058.5548068257,2945869.89255018
2022-02-07,2765406.9320068546,2664983.898188325,2865206.4965261016
2022-02-08,2689259.7446504305,2591444.186561724,2786424.971129309
2022-02-09,2611957.1213535094,2514350.9952330044,2711499.1889984175
2022-02-10,2533808.876942551,2436677.6524121123,2627724.2304628994
2022-02-11,2454643.4707688177,2352312.4598084423,2555939.4802270797
2022-02-12,2377108.244295124,2283146.800466471,2471620.1847900525
2022-02-13,2299771.70840886,2198836.7303062216,2394552.136642383
2022-02-14,2224004.573808289,2121352.221705143,2324318.1683268985
2022-02-15,2150039.2763813986,2052428.7787773297,2254847.488266264
2022-02-16,2078802.274612586,1969654.1021538037,2177312.499656317
2022-02-17,2010619.2203674081,1906941.1406544112,2110701.357538125
2022-02-18,1945289.2745020906,1852964.3008509402,2047714.8995390555
2022-02-19,1885494.1708702417,1784923.024837442,1984504.0468045915
2022-02-20,1829662.8467813914,1731440.929572427,1924302.5863185762
2022-02-21,1779083.3789956137,1682478.8046653236,1873701.3644718549
2022-02-22,1733826.2565267112,1639397.2200872917,1831924.8868053523
2022-02-23,1694636.301125436,1588831.7634679792,1795485.465204601
2022-02-24,1661593.0786054067,1561779.290204407,1761791.3803525928
2022-02-25,1634187.4704522511,1534059.031999361,1733772.9574898747
2022-02-26,1614842.9318940989,1513982.8622754372,1710140.3941105634
2022-02-27,1601546.7903479415,1498153.561859287,1702528.6056092267
2022-02-28,1595198.302804787,1499116.3261021634,1698761.9987353
2022-03-01,1595401.681625155,1499600.944852525,1693809.479930436
2022-03-02,1579559.0298588846,1482958.828321995,1672531.1860285236
2022-03-03,1569910.7746909473,1472876.169216682,1667944.6697582824
2022-03-04,1565160.0568485258,1465985.0977435817,1661606.8776516786
2022-03-05,1566917.9661857702,1463833.7014408312,1665937.1162740495
2022-03-06,1572432.3777225383,1474972.2485518013,1672320.4404335353
2022-03-07,1581858.406568514,1488620.580523951,1678038.1763570628
2022-03-08,1594142.0446617196,1495056.5018500662,1695257.3986662137
2022-03-09,1608914.5266930778,1505682.8925780437,1709628.2115144448
2022-03-10,1625208.6711604684,1529584.147415633,1724939.5111099998
2022-03-11,1641590.5209877104,1537533.1750661929,1739843.1783263686
2022-03-12,1659394.8451109894,1562528.8539180798,1763163.8392773522
2022-03-13,1675974.982335513,1582400.0679168166,1774471.4294045537
2022-03-14,1691457.9066286078,1581875.1631585665,1789000.6391033737
2022-03-15,1704922.9864850196,1609253.4084406265,1803015.152141493
2022-03-16,1716158.1629085236,1623184.460864343,1807607.9400640116
2022-03-17,1724468.5843637323,1627467.9898537411,1830477.3517187187
2022-03-18,1728796.828647081,1624965.796351233,1835430.9933349458
2022-03-19,1730704.5874902045,1634865.0821468038,1829010.6721528133
2022-03-20,1728133.0643769254,1623612.4117835225,1823488.4845688797
2022-03-21,1721632.465542102,1619932.8229375784,1821176.841233896
2022-03-22,1710826.239794959,1611837.9854791956,1805475.994645339
2022-03-23,1696020.2306587638,1589342.3578718128,1792177.9708330745
2022-03-24,1677095.8140298713,1572835.180596512,1786409.3615725928
2022-03-25,1653612.1726250052,1547772.7595186145,1748993.3305974177
2022-03-26,1627529.0801472333,1528872.6358741259,1724347.4146525958
2022-03-27,1597474.3589179646,1500649.3691744057,1700745.018009294
2022-03-28,1564445.9928793986,1458135.465161909,1663142.4308816069
2022-03-29,1528561.7897076635,1430227.1202019143,1632692.3289706802
2022-03-30,1490523.2018445786,1391662.5461801258,1589642.2103413693
2022-03-31,1450596.373850754,1352707.7048829293,1551458.7179242964
2022-04-01,1408701.5011634345,1310794.7691197773,1508499.5167378765
2022-04-02,1366883.2384648384,1262438.7825681667,1471192.13455504
2022-04-03,1324093.0623366004,1223694.4947871272,1422985.0019137592
2022-04-04,1281372.9642205592,1184864.9411069676,1384971.6102434718
2022-04-05,1238900.3682615058,1135553.0386089303,1337605.928857936
2022-04-06,1197317.0703274193,1097922.9827638858,1299204.7725866283
2022-04-07,1158829.5805977965,1064716.6371249135,1257267.04714983
2022-04-08,1121157.8478183777,1022194.7276516072,1214456.565965134
2022-04-09,1085989.469840417,983275.6057426553,1192185.152016684
2022-04-10,1052171.7126235142,961512.6973635504,1150439.1537099117
2022-04-11,1020402.6724084737,923605.2036081052,1116908.6830371313
2022-04-12,990567.8963189222,895347.1798238013,1088751.8605009203
2022-04-13,962949.778300356,855824.103079714,1062572.0056622003
2022-04-14,937403.3447540822,836868.0442600533,1026285.9660302291
2022-04-15,913442.9216876349,816318.5931066027,1012517.5330965657
2022-04-16,892268.2827402804,793235.9833572182,994538.4544360647
2022-04-17,872523.3854549259,780580.2972746267,970702.876256873
2022-04-18,854536.2381910054,759978.6277651845,958518.559062482
2022-04-19,837924.1947961489,742392.9646196531,937304.2993637876
2022-04-20,822687.8533237625,727882.2594371407,925648.630336604
2022-04-21,808476.2441382518,715793.2564504128,912121.1515364808
2022-04-22,794671.0427497146,695005.8912800999,891080.5890096165
2022-04-23,782195.1834952431,683644.4913392311,880384.1215242124
2022-04-24,769732.4748874984,664953.3084337383,866200.6596043269
2022-04-25,757508.4954172089,658854.6154645318,853208.4276560949
2022-04-26,745156.5260554736,644149.3997904309,839480.5526646174
2022-04-27,732687.7862895773,625221.959333633,835538.4409936264
2022-04-28,719837.9587123918,617515.2214430028,815608.7748590307
2022-04-29,706141.200665708,608481.2619985993,812205.3291275213
2022-04-30,692514.0002206012,595200.918777169,788954.145584624
2022-05-01,677929.1543296891,576900.6052616645,787632.4784959321
2022-05-02,662732.042192861,561413.3904616345,763733.5132676767
2022-05-03,646762.5373601926,551809.9339550891,742302.6797893848
2022-05-04,630198.0113808039,524854.3187368428,728972.5745588104
2022-05-05,612978.774417863,511444.85218744143,709033.0690299505
2022-05-06,594870.6396309845,495509.48962217197,689221.0165323829
2022-05-07,576823.9395447448,479927.3066207767,675663.4499754984
2022-05-08,558102.9049419714,457271.1360613508,666680.1750064221
2022-05-09,539139.3974663266,439607.64653661713,641573.5811202042
2022-05-10,519913.8220463967,425068.52588302037,620248.2365362666
2022-05-11,500674.72865062964,401145.27155927505,599853.3171866345
2022-05-12,481447.66001388174,384677.1447719902,578125.3618845234
2022-05-13,479156.63836355595,384433.4619253137,582865.2629620683
2022-05-14,477109.2089565238,378158.9451010365,575610.1904562128
2022-05-15,474670.94874770864,379060.51301768055,572785.2521309787
2022-05-16,472220.3710834161,379829.74992719194,567608.1593318512
2022-05-17,469720.30528659106,370984.4688620704,569162.0924449115
2022-05-18,467385.46787760145,371987.56347560574,568632.0760237618
2022-05-19,465207.3756513784,365831.59394285164,561963.0099941312
2022-05-20,462977.86306987266,365059.37593605695,558719.1699579674
2022-05-21,461560.9317653757,351628.7106719812,559299.3255804658
2022-05-22,460236.8062246516,362511.3931657422,554438.875678766
2022-05-23,459352.9338707555,361407.6942149478,559815.21175692
2022-05-24,458805.1246569337,361243.5477843268,560393.2772018128
2022-05-25,458750.17137240473,364023.7138410094,555484.3668899765
2022-05-26,459103.42855896347,356653.4956316728,559579.2826006195
2022-05-27,459567.0613767145,365470.19731519796,559456.6225994164
2022-05-28,460982.0066330931,364540.2403752218,555552.4210788643
2022-05-29,462512.6127131169,353637.29502248793,556876.897290958
2022-05-30,464461.7575222822,372916.52271399955,556552.7542639653
2022-05-31,466661.9264870918,368458.370918535,570120.043106681
2022-06-01,469232.5043175017,367073.8729417329,572084.9700377223
2022-06-02,472049.0988404901,376772.27077188046,573862.3097158747
2022-06-03,474775.08678739774,372345.9383660282,576448.7805158874
2022-06-04,478291.7838969278,379550.70180645154,570683.0771810845
2022-06-05,481721.35916442244,386954.80447534256,581887.0420505956
2022-06-06,485403.42652538954,381813.7316381244,589296.7395552312
2022-06-07,489193.16686218005,392212.6466237785,591319.1179249126
2022-06-08,493260.2385037357,397571.5865511135,595396.6034997662
2022-06-09,497526.7321184074,394858.484156381,602629.2820315164
2022-06-10,501698.9378154168,404682.7800198109,600894.0384271292
2022-06-11,506772.78547095065,410314.1312735157,607065.9426736211
2022-06-12,511892.3257519628,412033.04920064175,610748.4650000758
2022-06-13,517485.40692697733,413560.11630345846,615491.8444035847
2022-06-14,523466.8491303881,428553.6326608413,622330.0284178746
2022-06-15,530077.4444840568,433030.5127875914,629061.6597063994
2022-06-16,537289.528058454,438449.16492156114,635583.8956525204
2022-06-17,544838.5009609715,442820.82423427515,643634.5555988236
2022-06-18,553803.643626528,455709.85656717187,651179.1152168426
2022-06-19,561314.5664170485,457854.9085886145,658742.6168506636
2022-06-20,569765.7662884094,466493.6755244048,666001.513495638
2022-06-21,579045.9716522417,478606.9293003819,677219.6996289319
2022-06-22,589366.8964499078,494524.6691799243,685977.0907950643
2022-06-23,600644.2514904824,502927.00688348984,702740.9764960536
2022-06-24,612536.2587673401,509284.5946061556,715010.9547476952
2022-06-25,626067.8811588138,519311.72694450663,731134.472716215
2022-06-26,640235.8678936573,541736.1303404326,734693.401164482
2022-06-27,655397.4625560455,550036.3364721256,750396.3773169469
2022-06-28,671334.0528116564,576450.1349878857,771504.827014439
2022-06-29,688153.4448673227,589845.1410583617,784162.2172055629
2022-06-30,705659.1003316081,616316.3423676767,806376.8804557574
2022-07-01,723392.5782669004,626139.096207303,825087.5733495957
2022-07-02,742298.531148605,647016.6567150558,844882.1125818908
2022-07-03,761253.3128414067,662774.8578367126,863388.7935139082
2022-07-04,780535.3529727518,682939.4374385137,880745.3358777711
2022-07-05,799846.0214272591,700128.0321002121,897486.4118718439
2022-07-06,819234.818500315,718771.516047919,918580.1909419699
2022-07-07,838455.648104918,742286.760584075,942075.2768142665
2022-07-08,857011.486135575,764171.7490315543,946807.3289947041
2022-07-09,875857.9807376087,774061.126568254,975855.9575956957
2022-07-10,893853.066201363,793171.6370161156,991176.373124239
2022-07-11,911306.1304870662,807553.0666727957,1012893.7532389251
2022-07-12,927952.9924129362,831660.0773665967,1023177.7748725752
2022-07-13,943900.7713847829,843804.565386666,1047438.4710683434
2022-07-14,958967.9257330446,863273.7771069356,1057885.6549548174
2022-07-15,972727.941106257,874077.0036785306,1069348.6214258322
2022-07-16,986248.491724784,895404.6887277274,1084872.7620779155
2022-07-17,998459.2728193924,897274.9632868579,1095534.3915642123
2022-07-18,1009777.5149638946,911272.1228350289,1112587.7081606027
2022-07-19,1020035.0431711792,920012.7796499409,1117905.1152229637
2022-07-20,1029441.2726239235,934387.9300784604,1131425.6815160625
2022-07-21,1037905.9826348145,928349.411211084,1146318.093103959
2022-07-22,1045081.5502096384,952536.771899252,1143626.755871148
2022-07-23,1052137.765414367,948405.7383352326,1149963.4404788099
2022-07-24,1058048.5391260593,954125.4468765627,1157272.4425354248
2022-07-25,1055398.658656898,966259.9113995954,1155215.3867316523
2022-07-26,1051935.2000489172,958362.0993735284,1157557.6682707332
2022-07-27,1047911.0233968416,948739.4929384096,1150588.1878573573
2022-07-28,1043260.5352066794,944586.8808974832,1137247.3718578825
2022-07-29,1037653.4269517143,934479.3570972823,1132019.6295747838
2022-07-30,1032238.5293495508,935837.9675651949,1129297.6635228065
2022-07-31,1025990.9356555782,927837.6726987726,1125866.4826155638
2022-08-01,1019356.4198522564,919875.5257899242,1112438.9779534624
2022-08-02,1012175.6705195823,897949.6193057194,1111892.4089044218
2022-08-03,1004640.4384298413,906258.9276764838,1101433.7552405386
2022-08-04,996632.1490389967,892747.3285508174,1088013.956879516
2022-08-05,987776.6417468769,883700.2506500988,1084805.3721353037
2022-08-06,979135.2012310739,881620.7631245253,1076064.250683795
2022-08-07,969669.4202889052,871337.423010471,1064677.903024245
2022-08-08,959772.3314847706,857451.0396996523,1065209.0738124652
2022-08-09,949260.1127188476,852810.5116837493,1052942.1528413843
2022-08-10,938299.0703021864,832428.165926231,1032575.306584878
2022-08-11,926766.425378767,826277.6113371679,1030206.1360480703
2022-08-12,914304.0103658667,815435.145689855,1015645.46805849
2022-08-13,901954.0858127958,800061.9750609427,996245.0070502599
2022-08-14,888739.2849717225,788748.065654837,981469.3761603353
2022-08-15,875077.6242480181,774720.3209708937,968949.3251435449
2022-08-16,860838.7632680429,757162.2267472626,966524.7929375252
2022-08-17,846238.9198012729,745286.6821725487,941489.6153034262
2022-08-18,831221.0349215799,730989.7929437847,935726.3335850402
2022-08-19,815504.8305333147,717210.4784530108,920165.2214469619
2022-08-20,800165.0983526689,699046.5057453957,901575.7095927736
2022-08-21,784324.76945043,681563.9663316805,880470.0003355718
2022-08-22,768452.2654252744,660496.8271555048,867288.7523320487
2022-08-23,752481.2418070324,658840.1487760438,848878.6690170574
2022-08-24,736672.8635875677,641761.7316226114,837144.7299517576
2022-08-25,721015.2946403126,615956.0442385745,820997.6426422922
2022-08-26,705270.5788338063,608260.6059100907,799320.5387194538
2022-08-27,690496.3643252611,593211.8556661353,784153.7649459557
2022-08-28,675853.529746302,579138.6585537149,776452.4021704413
2022-08-29,661787.7292375957,559396.4786405341,760363.7519163477
2022-08-30,648214.8335285716,542970.8763663161,749015.3931826171
2022-08-31,635353.0700721145,538545.8246301318,741640.321062926
2022-09-01,623144.5498491972,525603.7325313851,726477.0385481816
2022-09-02,611301.8074043165,518411.26069703704,712248.8816738952
2022-09-03,600775.8274366232,504876.5707012814,701322.0014204605
2022-09-04,590681.0349352803,493653.6055479933,696012.673843535
2022-09-05,581363.6924754847,477802.00486144103,677444.0237534847
2022-09-06,572655.4641380903,478344.8920400757,675057.2494886547
2022-09-07,564677.5353688864,469815.3270251949,662134.1987612039
2022-09-08,557285.9153515366,457014.0994902096,652601.479329884
2022-09-09,550118.9422843484,453594.90065891406,648948.4612083521
2022-09-10,544012.4454566713,443841.48727770563,641737.5394317495
2022-09-11,538042.4330210587,436190.93263029587,631744.2684260579
2022-09-12,532480.1650590599,432549.5917940681,634017.3480236119
2022-09-13,527113.1589626163,433727.4705612296,617524.0158131502
2022-09-14,522020.1238176367,425500.8687771522,623592.1453025549
2022-09-15,517038.4254550838,416466.1501293459,616268.4009034463
2022-09-16,511810.5464356306,414397.80652919685,607412.1053930124
2022-09-17,507144.037795634,400985.0697304052,605906.5221070133
2022-09-18,502169.29607932025,404245.29320873535,605575.0172388875
2022-09-19,497178.5220251905,396172.9335911091,597430.2785836952
2022-09-20,492011.2818304399,393454.2866854564,588559.3501282082
2022-09-21,486797.3642535764,389118.68407149054,578979.0221698032
2022-09-22,481443.5996106503,367776.2022583059,576201.5903935913
2022-09-23,475676.6354365256,373470.01076206367,575593.3027427689
2022-09-24,470345.2898620257,378492.37226534286,568386.2196268437
2022-09-25,464691.3543087924,354922.94514361647,559743.350967458
2022-09-26,459070.7619982765,356138.4640841967,560280.1493177231
2022-09-27,453402.4684302078,350494.92188069475,551518.0693646461
2022-09-28,447878.4714083131,348399.425998312,548089.4437903506
2022-09-29,442469.7240790498,341092.93083579914,544510.5574028498
2022-09-30,436965.47387262265,330062.4276075437,537281.7337306541
2022-10-01,432218.7646210021,332116.9231404618,529908.3808347652
2022-10-02,427531.48818843457,329796.21212627494,520353.6669421102
2022-10-03,423259.4242964732,321813.2740419033,519552.86126783513
2022-10-04,419326.4885739991,323924.8736816914,516470.5291622893
2022-10-05,415904.28755281714,319300.0561435636,521117.4062318388
2022-10-06,412939.7484414333,312808.8062652351,506649.3985306393
2022-10-07,410193.8140267707,309759.3466667095,513929.8457505436
2022-10-08,408432.97039829096,303045.29908165615,508887.5996112419
2022-10-09,406931.4202505938,309531.0007565802,501465.7843145426
2022-10-10,405962.77449831064,306471.22328055045,510231.54031611036
2022-10-11,405382.2708475728,302518.1839932007,497701.1021163628
2022-10-12,405278.2093844938,296528.8438975833,513274.7390147408
2022-10-13,405523.3154622438,299472.96877635724,495454.50124701404
2022-10-14,405814.4158312928,311763.4362739041,500947.94003022666
2022-10-15,406811.17618688993,303269.996816071,501934.6959623507
2022-10-16,407756.10278649017,303499.9639883759,503453.83010087884
2022-10-17,408853.09291053517,305003.6595720767,503998.8571122008
2022-10-18,409917.32456479385,312751.8994009809,509875.3800698623
2022-10-19,410997.77530986635,311525.19555273745,507253.3218142365
2022-10-20,411951.04649699276,315404.13266620744,508799.84119724104
2022-10-21,412480.31233424897,320811.6666971413,512580.47541775677
2022-10-22,413219.17349372874,310803.31659472745,516894.46312492323
2022-10-23,413467.0704831471,308975.851873683,514326.60796952044
2022-10-24,413452.0259861354,320884.8263607924,515217.9721408478
2022-10-25,413045.3682437167,308831.8791333855,508278.2303061596
2022-10-26,412352.41022626846,313347.23198491806,510845.97253416956
2022-10-27,411305.8144770458,311745.71477284655,511168.2146878873
2022-10-28,409700.98407451395,304310.8594826647,507849.4591113555
2022-10-29,408222.37582585,312529.6848499775,505266.12748574914
2022-10-30,406291.9231473572,304376.17812136543,508505.9303347553
2022-10-31,404213.89435782615,302582.1163092403,505283.2650590712
2022-11-01,401952.762518279,298728.77481755195,497540.7905852781
2022-11-02,399690.79728227796,310258.781214514,499461.63062674255
2022-11-03,397440.2000632604,300139.95135877613,493696.17485491413
2022-11-04,395074.6676947163,302102.4337314894,486915.79389662505
2022-11-05,393298.4060129206,297242.7423510907,486331.5337223879
2022-11-06,391608.3069466339,292987.8258205843,491480.4920147681
2022-11-07,390322.150453928,291876.9062576016,491511.3324967047
2022-11-08,389421.29644558445,283782.73782040126,483884.574707301
2022-11-09,389077.26473804226,288758.718257193,488347.3611156882
2022-11-10,389285.05600545,286540.55336985574,484670.2319795702
2022-11-11,389893.5740322184,298022.7737643197,484264.30696101044
2022-11-12,391520.21864146873,286587.17908266606,483520.31548494
2022-11-13,393629.80615978024,297981.47604564414,493430.7843524479
2022-11-14,396449.1284788976,301184.455937746,492828.8106226585
2022-11-15,399877.41844080796,296838.8169210161,501056.90191252745
2022-11-16,403984.722740983,305704.6277862711,502133.1388015162
2022-11-17,408668.9869944564,304582.98852293345,510414.5469476971
2022-11-18,413687.6151426837,310903.8418347546,515109.85203705786
2022-11-19,419519.5561060361,327073.941818539,517130.86989653215
2022-11-20,425562.46405054635,325911.9970168162,522865.2743267033
2022-11-21,431934.65143379633,334142.1238225979,524492.3781214991
2022-11-22,438453.8768058785,339815.5821887548,535253.2271033485
2022-11-23,445107.55739731534,345261.3553155954,545137.8240493791
2022-11-24,451733.16284273827,348393.72834869684,544789.8729932396
2022-11-25,458049.9683768234,361072.31870426255,551850.4569270255
2022-11-26,464467.2319610352,366400.9578104985,566411.7476088782
2022-11-27,470397.7720872404,373701.40449815214,571418.2098449131
2022-11-28,475945.1259681451,382886.8173922609,567643.0923929056
2022-11-29,480948.16676973784,381235.97092342394,578127.493082114
2022-11-30,485420.4292999372,381273.49457081116,585570.6255331426
2022-12-01,489250.9287912552,382931.9550609247,585965.2471689701
2022-12-02,492233.1476547927,397655.21565183374,584889.904365943
2022-12-03,494816.34807769716,397751.59885899065,601422.9896074632
2022-12-04,496532.69858029747,396890.06702874077,592706.4879015395
2022-12-05,497566.93262402597,400561.2907052903,598280.1437048229
2022-12-06,497864.32710593287,400696.40119948727,597807.068365011
2022-12-07,497536.9747118431,393939.2468320651,600971.0940856001
2022-12-08,496583.2191378607,401668.088587622,597315.2971588165
2022-12-09,494912.47011769906,396732.4496140268,583914.351903112
2022-12-10,493038.6833379252,397337.5032439314,581321.0954003586
2022-12-11,490620.5260027117,395189.4081576524,592501.7882608115
2022-12-12,487913.4928425027,375273.3383163511,585959.6096543351
2022-12-13,484941.66490151506,390916.544910137,584883.6286551643
2022-12-14,481871.7922706897,386653.19137777516,581241.5147564185
2022-12-15,478752.62478646945,381856.1177767776,578098.4030856892
2022-12-16,475537.2093504913,375151.769661674,575941.6989608215
2022-12-17,472720.5161555055,375320.0036981834,566024.7612961825
2022-12-18,469994.88912588166,370777.2271032901,569767.1919732745
2022-12-19,467587.0676595225,362600.4798923038,568240.9415923596
2022-12-20,465496.3077108844,364252.635951355,558224.9514890813
2022-12-21,463838.91941798903,360421.8955506932,563453.3947806015
2022-12-22,462610.1288359291,364618.9449529423,564303.3883000712
2022-12-23,461706.414387149,358770.8772241945,566287.1138759138
2022-12-24,461509.69139586214,368145.71108467603,557901.0023398105
2022-12-25,461660.2538654558,365259.9277066318,555260.779854943
2022-12-26,462280.64920164103,366765.33746112103,561660.9438746145
2022-12-27,463281.80432203395,364415.48993226234,560959.5142869232
2022-12-28,464679.320545604,367089.8257708601,569424.7081586905
2022-12-29,466378.80275879963,369778.91386604,566097.2183796859
2022-12-30,468198.79052633507,370344.996583423,563427.7554016041
2022-12-31,470401.6715484455,366549.93893339875,569327.6044345062
2023-01-01,472583.9071065753,364993.28028095706,572486.8186071381
2023-01-02,474786.1906416432,373208.11585869186,572043.0460981565
2023-01-03,476866.67455925455,375459.8119301929,576139.032797305
2023-01-04,478787.81749974116,375571.2847702361,574975.5327282324
2023-01-05,480423.7173152327,372884.2648646826,574721.812742478
2023-01-06,481581.96202605445,381017.89157486823,583247.2004800239
2023-01-07,482479.437927622,381440.5559648273,575932.7206475191
2023-01-08,482747.8992637892,376527.38799063984,581377.2245296171
2023-01-09,482428.42124519777,380477.1112047868,577255.4566035414
2023-01-10,481409.7426223975,384497.46381763526,576889.4180904244
2023-01-11,479683.7370652305,375868.2368205786,574175.6864228954
2023-01-12,477172.92677367025,378167.2638831506,575538.7713072123
2023-01-13,473749.57861944847,377301.0169301665,572945.9310359716
2023-01-14,469654.9180809667,365067.82590398705,569305.5110669711
2023-01-15,464618.770517828,362388.2916503087,576049.8905440818
2023-01-16,458737.2749697449,364427.5456402369,559935.149549348
2023-01-17,451975.5626252965,351847.7196937077,542785.0614943142
2023-01-18,444391.33299016027,347172.49023816205,537849.3050815077
2023-01-19,435982.2882198497,344457.2105428191,534204.6431422496
2023-01-20,426702.4652848644,329947.40873887716,525072.745495043
2023-01-21,416825.0817607613,322880.53600813914,521793.520896969
2023-01-22,406176.68826692714,306241.17354315246,498779.6850078209
2023-01-23,394898.76937119605,292281.95575505216,488538.43871401576
2023-01-24,383015.5402485235,282208.3251875699,477701.91993038636
2023-01-25,370626.5322731092,268720.9065494959,475888.38299128093
2023-01-26,357774.93981883227,260554.1500426946,455012.8197368702
2023-01-27,344462.2317044572,242055.14439394872,452153.6816810872
2023-01-28,330955.6888330652,233983.62858005156,426867.77998811123
2023-01-29,317138.11169842846,221914.4473162062,418654.1613020439
2023-01-30,303154.3063300156,202161.90914612173,396267.04349336895
2023-01-31,289044.9250417837,186426.94836614895,392155.13296506746
2023-02-01,274908.89375667844,174445.1464806612,377037.18104235677
2023-02-02,260793.3934476398,153611.56132589106,363776.4560826482
2023-02-03,246707.3516804098,141197.32637751396,345876.17202533386
2023-02-04,232874.14577313827,127985.50378267256,330153.2683944947
2023-02-05,219197.21143569634,125648.36314881295,312007.7040679972
2023-02-06,205791.63680136294,102487.1916120872,302780.6662828651
2023-02-07,192684.15646069706,84838.6707495492,285636.242176351
2023-02-08,179945.42899341273,82779.68603711283,279845.18771267665
2023-02-09,167601.57715350593,71297.37410786899,268397.3042502541
2023-02-10,155646.4179650477,62706.943100408986,256791.23064868723
2023-02-11,144239.1444003667,39438.114034626116,243131.46042363424
2023-02-12,133285.62341722823,34550.24948614061,238368.91991001865
2023-02-13,122854.8819360722,25208.374444078352,216599.06955915762
2023-02-14,112945.05265702897,15943.417649707253,212736.70146429064
2023-02-15,103585.33188543841,8175.861372583128,203387.06015924484
2023-02-16,94768.95428163088,0.0,190730.9725074967
2023-02-17,86464.09382610377,0.0,182385.58036247356
2023-02-18,78756.51977668435,0.0,175831.73622599302
2023-02-19,71546.64617632321,0.0,174026.69137876996
2023-02-20,64851.03685558882,0.0,171115.9354274791
2023-02-21,58634.48972196839,0.0,154260.4096950579
2023-02-22,52881.91193921758,0.0,157458.2176129036
2023-02-23,47553.00400463998,0.0,138882.17198259846
2023-02-24,42592.12850587712,0.0,135019.47648672748
2023-02-25,38016.241695967445,0.0,142189.67101618063
2023-02-26,33727.98105722159,0.0,133716.63405548644
2023-02-27,29702.441401533993,0.0,132181.06718387417
2023-02-28,25885.595714496307,0.0,122529.13333601347
2023-03-01,22236.213459180024,0.0,123431.90698714367
2023-03-02,18702.291113328705,0.0,116028.81292451968
2023-03-03,15229.823656783732,0.0,114769.42552163664
2023-03-04,11795.834406635546,0.0,106863.57501830591
2023-03-05,8337.204889929279,0.0,99806.9121431053
2023-03-06,4822.306238439197,0.0,100540.58701727704
2023-03-07,1215.2237402946,0.0,98668.76758568724
2023-03-08,0.0,0.0,98339.49451982329
2023-03-09,0.0,0.0,92445.56963495129
2023-03-10,0.0,0.0,88757.72829351117
2023-03-11,0.0,0.0,88982.73614058543
2023-03-12,0.0,0.0,78713.64836295934
2023-03-13,0.0,0.0,80461.42491631067
2023-03-14,0.0,0.0,74847.24884278423
2023-03-15,0.0,0.0,73884.04822709021
2023-03-16,0.0,0.0,73366.26226300665
2023-03-17,0.0,0.0,71199.67260500924
2023-03-18,0.0,0.0,58265.894834995765
2023-03-19,0.0,0.0,55672.47394466082
2023-03-20,0.0,0.0,60469.74468831857
2023-03-21,0.0,0.0,59916.72507660432
2023-03-22,0.0,0.0,56447.663045209025
2023-03-23,0.0,0.0,57577.768708277945
2023-03-24,0.0,0.0,66590.40901310697
2023-03-25,0.0,0.0,66079.86840069479
2023-03-26,0.0,0.0,82134.38289283363
2023-03-27,0.0,0.0,96544.14798051417
2023-03-28,0.0,0.0,88799.38637694217
2023-03-29,0.0,0.0,77053.27224249975
2023-03-30,0.0,0.0,95387.27075979245
2023-03-31,0.0,0.0,122641.79051908819
2023-04-01,0.0,0.0,156552.24173514958
2023-04-02,0.0,0.0,143096.58779172393
2023-04-03,0.0,0.0,166269.94321544052
2023-04-04,0.0,0.0,152817.61490001046
2023-04-05,0.0,0.0,170098.17578069583
2023-04-06,0.0,0.0,172317.23012039566
2023-04-07,0.0,0.0,178941.80692194478
2023-04-08,0.0,0.0,183506.2891507854
2023-04-09,0.0,0.0,207104.718166347
2023-04-10,0.0,0.0,221836.76774113695
2023-04-11,0.0,0.0,237223.20106946514
2023-04-12,0.0,0.0,264039.1278263401
2023-04-13,0.0,0.0,282011.66311287234
2023-04-14,0.0,0.0,279400.5361635139
2023-04-15,0.0,0.0,264315.8420671799
2023-04-16,0.0,0.0,273666.07396695757
2023-04-17,0.0,0.0,328850.40438705106
2023-04-18,0.0,0.0,345277.3313979483
2023-04-19,0.0,0.0,324759.3404405028
2023-04-20,0.0,0.0,369333.58350360236
2023-04-21,0.0,0.0,388869.5497080557
2023-04-22,0.0,0.0,373831.8279731342
2023-04-23,0.0,0.0,441411.91558167536
2023-04-24,0.0,0.0,440420.23203033704
2023-04-25,0.0,0.0,467796.71195249626
2023-04-26,0.0,0.0,501033.28909955086
2023-04-27,0.0,0.0,526531.1889529009
2023-04-28,0.0,0.0,548412.7119308269
2023-04-29,0.0,0.0,577861.2405760818
2023-04-30,0.0,0.0,608354.2488247979
2023-05-01,0.0,0.0,572322.6350953049
2023-05-02,0.0,0.0,600348.5044003709
2023-05-03,0.0,0.0,649060.3277449623
2023-05-04,0.0,0.0,629765.608836119
2023-05-05,0.0,0.0,636185.0903352508
2023-05-06,0.0,0.0,640517.3880571484
2023-05-07,0.0,0.0,685459.9638833407
2023-05-08,0.0,0.0,705301.6533474219
2023-05-09,0.0,0.0,681895.4136954109
2023-05-10,0.0,0.0,721605.1052590227
2023-05-11,0.0,0.0,714983.9729977156
2023-05-12,0.0,0.0,707745.1859563496
2023-05-13,0.0,0.0,773007.9211355909
2023-05-14,0.0,0.0,685812.0714090974
2023-05-15,0.0,0.0,738695.4557655691
2023-05-16,0.0,0.0,720621.1825358883
2023-05-17,0.0,0.0,781096.8972031558
2023-05-18,0.0,0.0,757026.8524200544
2023-05-19,0.0,0.0,735089.229857569
2023-05-20,0.0,0.0,751802.7950661936
2023-05-21,0.0,0.0,758449.4464600639
2023-05-22,0.0,0.0,741276.7449197688
2023-05-23,0.0,0.0,747958.8630749992
2023-05-24,0.0,0.0,807499.7160021589
2023-05-25,0.0,0.0,829832.8161109866
2023-05-26,0.0,0.0,766498.8008694294
2023-05-27,0.0,0.0,824251.0045926205
2023-05-28,0.0,0.0,814578.1390652899
2023-05-29,0.0,0.0,847429.8129031603
2023-05-30,0.0,0.0,851667.8063510245
2023-05-31,0.0,0.0,870072.9477447496
2023-06-01,0.0,0.0,890847.8428504785
2023-06-02,0.0,0.0,884732.4781639657
2023-06-03,0.0,0.0,952870.5393595792
2023-06-04,0.0,0.0,975031.0466843428
2023-06-05,0.0,0.0,933903.0566119411
2023-06-06,0.0,0.0,1013585.500500491
2023-06-07,0.0,0.0,1010716.6939829468
2023-06-08,0.0,0.0,1023432.8221047047
2023-06-09,0.0,0.0,1024146.6504143146
2023-06-10,0.0,0.0,1087334.4607777551
2023-06-11,0.0,0.0,1135184.4343889116
2023-06-12,0.0,0.0,1103998.0650938302
2023-06-13,0.0,0.0,1115337.81417639
2023-06-14,0.0,0.0,1226494.4936570483
2023-06-15,0.0,0.0,1183448.218452957
2023-06-16,0.0,0.0,1221327.9027681104
2023-06-17,0.0,0.0,1225637.9779159955
2023-06-18,0.0,0.0,1277004.8364461611
2023-06-19,0.0,0.0,1320877.8859565347
2023-06-20,0.0,0.0,1293233.7565486645
2023-06-21,0.0,0.0,1388310.7618120804
2023-06-22,0.0,0.0,1431062.3244793615
2023-06-23,0.0,0.0,1526169.0550886325
2023-06-24,0.0,0.0,1562568.2728969571
2023-06-25,0.0,0.0,1616521.3346798348
2023-06-26,0.0,0.0,1677074.0949982961
2023-06-27,0.0,0.0,1642462.8170759608
2023-06-28,0.0,0.0,1793119.4608155645
2023-06-29,0.0,0.0,1811966.573125881
2023-06-30,0.0,0.0,1905460.2762365327
2023-07-01,0.0,0.0,1891261.1344363648
2023-07-02,0.0,0.0,1972994.9446104548
2023-07-03,0.0,0.0,2090589.0597607978
2023-07-04,0.0,0.0,2198584.8845801507
2023-07-05,0.0,0.0,2353927.185904868
2023-07-06,0.0,0.0,2410677.971338041
2023-07-07,0.0,0.0,2468022.8477875344
2023-07-08,0.0,0.0,2472811.566327314
2023-07-09,0.0,0.0,2660892.1164509044
2023-07-10,0.0,0.0,2652353.0044758026
2023-07-11,0.0,0.0,2704739.348157708
2023-07-12,0.0,0.0,2805921.8246527608
2023-07-13,0.0,0.0,2877778.6947501213
2023-07-14,0.0,0.0,2997688.48779473
2023-07-15,0.0,0.0,3082253.251618088
2023-07-16,0.0,0.0,3114854.6833858034
2023-07-17,0.0,0.0,3204084.3255047123
2023-07-18,0.0,0.0,3341858.0246838895
2023-07-19,0.0,0.0,3306602.8148740483
2023-07-20,0.0,0.0,3388589.481869894
2023-07-21,0.0,0.0,3483205.511599264
2023-07-22,0.0,0.0,3576345.7869586716
2023-07-23,0.0,0.0,3532044.8172466555
2023-07-24,0.0,0.0,3618607.1108972793
2023-07-25,0.0,0.0,3648041.6904729186
2023-07-26,0.0,0.0,3705139.343714599
2023-07-27,0.0,0.0,3818243.319661774
2023-07-28,0.0,0.0,3831554.0963815018
2023-07-29,0.0,0.0,3829345.2218072787
2023-07-30,0.0,0.0,3852423.883977671
2023-07-31,0.0,0.0,3814117.7920666942
2023-08-01,0.0,0.0,3953859.7849050425
2023-08-02,0.0,0.0,3970031.4187503136
2023-08-03,0.0,0.0,4065882.9068003814
2023-08-04,0.0,0.0,4006219.559458001
2023-08-05,0.0,0.0,4047565.2500863387
2023-08-06,0.0,0.0,4119150.7656207643
2023-08-07,0.0,0.0,4074001.3292840053
2023-08-08,0.0,0.0,4065892.018073167
2023-08-09,0.0,0.0,4085449.585162736
2023-08-10,0.0,0.0,4088533.0318062208
2023-08-11,0.0,0.0,4074683.989118908
2023-08-12,0.0,0.0,4115740.4132694174
2023-08-13,0.0,0.0,4096440.837448684
2023-08-14,0.0,0.0,4154134.464241432
2023-08-15,0.0,0.0,4099955.3306324
2023-08-16,0.0,0.0,4110531.59386863
2023-08-17,0.0,0.0,4142850.251557781
2023-08-18,0.0,0.0,4099413.7802633164
2023-08-19,0.0,0.0,4114483.1704086936
2023-08-20,0.0,0.0,3993766.432537046
2023-08-21,0.0,0.0,3941102.279375539
2023-08-22,0.0,0.0,3937422.5148261148
2023-08-23,0.0,0.0,3957845.769447931
2023-08-24,0.0,0.0,3880838.891666183
2023-08-25,0.0,0.0,3935787.6011321214
2023-08-26,0.0,0.0,3848755.784506922
2023-08-27,0.0,0.0,3815594.8938929657
2023-08-28,0.0,0.0,3759553.146441932
2023-08-29,0.0,0.0,3739662.452289721
2023-08-30,0.0,0.0,3699959.135670972
2023-08-31,0.0,0.0,3649351.2213665196
2023-09-01,0.0,0.0,3663442.2661740207
2023-09-02,0.0,0.0,3610562.855029561
2023-09-03,0.0,0.0,3620975.708468881
2023-09-04,0.0,0.0,3568904.6799639543
2023-09-05,0.0,0.0,3572583.6962095676
